Player,Pos,Age,G_19,GS_19,MP_19,3P%_19,FT%_19,ORB_19,AST_19,STL_19,BLK_19,TOV_19,PF_19,G_18,GS_18,3P%_18,ORB_18,AST_18,STL_18,BLK_18,TOV_18,PF_18,G_17,GS_17,3P%_17,ORB_17,AST_17,STL_17,BLK_17,TOV_17,PF_17,GS_16,3P%_16,AST_16,STL_16,BLK_16
Stephen Curry\curryst01,PG,31.0,5.0,5.0,27.8,0.245,1.0,0.8,6.6,1.0,0.4,3.2,2.2,69.0,69.0,0.4370000000000001,0.7,5.2,1.3,0.4,2.8,2.4,51.0,51.0,0.423,0.7,6.1,1.6,0.2,3.0,2.2,79.0,0.411,6.6,1.8,0.2
Russell Westbrook\westbru01,PG,31.0,57.0,57.0,35.9,0.258,0.763,1.8,7.0,1.6,0.4,4.5,3.5,73.0,73.0,0.29,1.5,10.7,1.9,0.5,4.5,3.4,80.0,80.0,0.298,1.9,10.3,1.8,0.3,4.8,2.5,81.0,0.343,10.4,1.6,0.4
Chris Paul\paulch01,PG,34.0,70.0,70.0,31.5,0.365,0.907,0.4,6.7,1.6,0.2,2.3,2.3,58.0,58.0,0.358,0.6,8.2,2.0,0.3,2.6,2.5,58.0,58.0,0.38,0.6,7.9,1.7,0.2,2.2,2.4,61.0,0.411,9.2,2.0,0.1
John Wall\walljo01,PG,29.0,0.0,0.0,0.0,0.0,0.0,0.0,0.0,0.0,0.0,0.0,0.0,32.0,32.0,0.302,0.5,8.7,1.5,0.9,3.8,2.2,41.0,41.0,0.371,0.5,9.6,1.4,1.1,3.9,2.0,78.0,0.327,10.7,2.0,0.6
James Harden\hardeja01,SG,30.0,68.0,68.0,36.5,0.355,0.865,1.0,7.5,1.8,0.9,4.5,3.3,78.0,78.0,0.368,0.8,7.5,2.0,0.7,5.0,3.1,72.0,72.0,0.3670000000000001,0.6,8.8,1.8,0.7,4.4,2.3,81.0,0.34700000000000003,11.2,1.5,0.5
LeBron James\jamesle01,PG,35.0,67.0,67.0,34.6,0.348,0.693,1.0,10.2,1.2,0.5,3.9,1.8,55.0,55.0,0.339,1.0,8.3,1.3,0.6,3.6,1.7,82.0,82.0,0.3670000000000001,1.2,9.1,1.4,0.9,4.2,1.7,74.0,0.363,8.7,1.2,0.6
Kevin Durant\duranke01,SF,31.0,0.0,0.0,0.0,0.0,0.0,0.0,0.0,0.0,0.0,0.0,0.0,78.0,78.0,0.353,0.4,5.9,0.7,1.1,2.9,2.0,68.0,68.0,0.419,0.5,5.4,0.7,1.8,3.0,2.0,62.0,0.375,4.8,1.1,1.6
Blake Griffin\griffbl01,PF,30.0,18.0,18.0,28.4,0.243,0.7759999999999999,0.9,3.3,0.4,0.4,2.2,1.5,75.0,75.0,0.362,1.3,5.4,0.7,0.4,3.4,2.7,58.0,58.0,0.345,1.3,5.8,0.7,0.3,2.8,2.4,61.0,0.336,4.9,0.9,0.4
Paul George\georgpa01,SG,29.0,48.0,48.0,29.6,0.412,0.8759999999999999,0.5,3.9,1.4,0.4,2.6,2.4,77.0,77.0,0.386,1.4,4.1,2.2,0.4,2.7,2.8,79.0,79.0,0.401,0.9,3.3,2.0,0.5,2.7,2.9,75.0,0.393,3.3,1.6,0.4
Klay Thompson\thompkl01,SG,29.0,0.0,0.0,0.0,0.0,0.0,0.0,0.0,0.0,0.0,0.0,0.0,78.0,78.0,0.402,0.5,2.4,1.1,0.6,1.5,2.0,73.0,73.0,0.44,0.4,2.5,0.8,0.5,1.8,1.6,78.0,0.414,2.1,0.8,0.5
Mike Conley\conlemi01,PG,32.0,47.0,41.0,29.0,0.375,0.8270000000000001,0.7,4.4,0.8,0.1,2.0,2.2,70.0,70.0,0.364,0.6,6.4,1.3,0.3,1.9,1.8,12.0,12.0,0.312,0.0,4.1,1.0,0.3,1.5,2.0,68.0,0.408,6.3,1.3,0.3
Jimmy Butler\butleji01,SF,30.0,58.0,58.0,33.8,0.244,0.8340000000000001,1.8,6.0,1.8,0.6,2.2,1.4,65.0,65.0,0.34700000000000003,1.9,4.0,1.9,0.6,1.5,1.7,59.0,59.0,0.35,1.3,4.9,2.0,0.4,1.8,1.3,75.0,0.3670000000000001,5.5,1.9,0.4
Kemba Walker\walkeke02,PG,29.0,56.0,56.0,31.1,0.381,0.8640000000000001,0.6,4.8,0.9,0.5,2.1,1.6,82.0,82.0,0.35600000000000004,0.6,5.9,1.2,0.4,2.6,1.6,80.0,80.0,0.384,0.4,5.6,1.1,0.3,2.2,1.2,79.0,0.399,5.5,1.1,0.3
Kawhi Leonard\leonaka01,SF,28.0,57.0,57.0,32.4,0.378,0.8859999999999999,0.9,4.9,1.8,0.6,2.6,2.0,60.0,60.0,0.371,1.3,3.3,1.8,0.4,2.0,1.5,9.0,9.0,0.314,0.7,2.3,2.0,1.0,1.8,1.0,74.0,0.38,3.5,1.8,0.7
Tobias Harris\harrito02,PF,27.0,72.0,72.0,34.3,0.3670000000000001,0.8059999999999999,1.0,3.2,0.7,0.6,1.4,2.3,82.0,82.0,0.397,0.8,2.8,0.6,0.5,1.8,2.2,80.0,80.0,0.411,0.7,2.4,0.9,0.4,1.3,2.1,48.0,0.34700000000000003,1.7,0.7,0.5
Kyrie Irving\irvinky01,PG,27.0,20.0,20.0,32.9,0.394,0.922,1.1,6.4,1.4,0.5,2.6,2.7,67.0,67.0,0.401,1.1,6.9,1.5,0.5,2.6,2.5,60.0,60.0,0.408,0.6,5.1,1.1,0.3,2.3,2.0,72.0,0.401,5.8,1.2,0.3
Khris Middleton\middlkh01,SF,28.0,62.0,59.0,29.9,0.415,0.916,0.7,4.3,0.9,0.1,2.2,2.3,77.0,77.0,0.378,0.6,4.3,1.0,0.1,2.3,2.2,82.0,82.0,0.359,0.5,4.0,1.5,0.3,2.3,3.3,23.0,0.433,3.4,1.4,0.2
Anthony Davis\davisan02,PF,26.0,62.0,62.0,34.4,0.33,0.846,2.3,3.2,1.5,2.3,2.5,2.5,56.0,56.0,0.331,3.1,3.9,1.6,2.4,2.0,2.4,75.0,75.0,0.34,2.5,2.3,1.5,2.6,2.2,2.1,75.0,0.299,2.1,1.3,2.2
Damian Lillard\lillada01,PG,29.0,66.0,66.0,37.5,0.401,0.888,0.5,8.0,1.1,0.3,2.9,1.7,80.0,80.0,0.369,0.9,6.9,1.1,0.4,2.7,1.9,73.0,73.0,0.361,0.8,6.6,1.1,0.4,2.8,1.6,75.0,0.37,5.9,0.9,0.3
Kevin Love\loveke01,PF,31.0,56.0,56.0,31.8,0.374,0.8540000000000001,1.0,3.2,0.6,0.3,2.5,1.6,22.0,21.0,0.361,1.5,2.2,0.3,0.2,1.9,2.5,59.0,59.0,0.415,1.7,1.7,0.7,0.4,1.5,2.0,60.0,0.373,1.9,0.9,0.4
Kyle Lowry\lowryky01,PG,33.0,58.0,58.0,36.2,0.35200000000000004,0.857,0.6,7.5,1.4,0.4,3.1,3.3,65.0,65.0,0.34700000000000003,0.6,8.7,1.4,0.5,2.8,2.6,78.0,78.0,0.399,0.8,6.9,1.1,0.2,2.3,2.5,60.0,0.412,7.0,1.5,0.3
Joel Embiid\embiijo01,C,25.0,51.0,51.0,29.5,0.331,0.807,2.8,3.0,0.9,1.3,3.1,3.4,64.0,64.0,0.3,2.5,3.7,0.7,1.9,3.5,3.3,63.0,63.0,0.308,2.3,3.2,0.6,1.8,3.7,3.3,31.0,0.3670000000000001,2.1,0.9,2.5
Andrew Wiggins\wiggian01,SF,24.0,54.0,54.0,34.4,0.332,0.7090000000000001,1.2,3.7,0.8,1.0,2.4,2.4,73.0,73.0,0.339,1.1,2.5,1.0,0.7,1.9,2.1,82.0,82.0,0.331,1.0,2.0,1.1,0.6,1.7,2.0,82.0,0.35600000000000004,2.3,1.0,0.4
Kristaps Porziņģis\porzikr01,C,24.0,57.0,57.0,31.8,0.35200000000000004,0.799,1.8,1.8,0.7,2.0,1.6,3.2,0.0,0.0,0.0,0.0,0.0,0.0,0.0,0.0,0.0,48.0,48.0,0.395,1.3,1.2,0.8,2.4,1.9,2.9,0.0,0.0,0.0,0.0,0.0
Devin Booker\bookede01,SG,23.0,70.0,70.0,35.9,0.354,0.919,0.4,6.5,0.7,0.3,3.8,3.0,64.0,64.0,0.326,0.6,6.8,0.9,0.2,4.1,3.1,54.0,54.0,0.383,0.5,4.7,0.9,0.3,3.6,3.1,78.0,0.363,3.4,0.9,0.3
Karl-Anthony Towns\townska01,C,24.0,35.0,35.0,33.9,0.412,0.7959999999999999,2.7,4.4,0.9,1.2,3.1,3.3,77.0,77.0,0.4,3.4,3.4,0.9,1.6,3.1,3.8,82.0,82.0,0.421,2.9,2.4,0.8,1.4,1.9,3.5,82.0,0.3670000000000001,2.7,0.7,1.3
CJ McCollum\mccolcj01,SG,28.0,70.0,70.0,36.5,0.379,0.757,0.7,4.4,0.8,0.6,1.8,2.6,70.0,70.0,0.375,0.9,3.0,0.8,0.4,1.5,2.5,81.0,81.0,0.397,0.7,3.4,1.0,0.4,1.9,2.1,80.0,0.421,3.6,0.9,0.5
Ben Simmons\simmobe01,PG,23.0,57.0,57.0,35.4,0.28600000000000003,0.621,2.0,8.0,2.1,0.6,3.5,3.3,79.0,79.0,0.0,2.2,7.7,1.4,0.8,3.5,2.6,81.0,81.0,0.0,1.8,8.2,1.7,0.9,3.4,2.6,0.0,0.0,0.0,0.0,0.0
Jamal Murray\murraja01,PG,22.0,59.0,59.0,32.3,0.34600000000000003,0.8809999999999999,0.8,4.8,1.1,0.3,2.2,1.7,75.0,74.0,0.3670000000000001,0.9,4.8,0.9,0.4,2.1,2.0,81.0,80.0,0.378,1.0,3.4,1.0,0.3,2.1,2.1,10.0,0.334,2.1,0.6,0.3
Pascal Siakam\siakapa01,PF,25.0,60.0,60.0,35.2,0.359,0.792,1.1,3.5,1.0,0.9,2.5,2.8,80.0,79.0,0.369,1.6,3.1,0.9,0.7,1.9,3.0,81.0,5.0,0.22,1.0,2.0,0.8,0.5,0.8,2.0,38.0,0.14300000000000002,0.3,0.5,0.8
Bradley Beal\bealbr01,SG,26.0,57.0,57.0,36.0,0.353,0.8420000000000001,0.9,6.1,1.2,0.4,3.4,2.2,82.0,82.0,0.35100000000000003,1.1,5.5,1.5,0.7,2.7,2.8,82.0,82.0,0.375,0.7,4.5,1.2,0.4,2.6,2.0,77.0,0.404,3.5,1.1,0.3
Andre Drummond\drumman01,C,26.0,57.0,56.0,33.0,0.14300000000000002,0.575,4.4,2.7,1.9,1.6,3.6,3.5,79.0,79.0,0.132,5.4,1.4,1.7,1.7,2.2,3.4,78.0,78.0,0.0,5.1,3.0,1.5,1.6,2.6,3.2,81.0,0.28600000000000003,1.1,1.5,1.1
D'Angelo Russell\russeda01,PG,23.0,45.0,45.0,32.3,0.3670000000000001,0.809,0.4,6.3,1.1,0.3,3.3,1.9,81.0,81.0,0.369,0.7,7.0,1.2,0.2,3.1,1.7,48.0,35.0,0.324,0.6,5.2,0.8,0.4,3.1,1.9,60.0,0.35200000000000004,4.8,1.4,0.3
Nikola Jokić\jokicni01,C,24.0,73.0,73.0,32.0,0.314,0.8170000000000001,2.3,7.0,1.2,0.6,3.1,3.0,80.0,80.0,0.307,2.9,7.3,1.4,0.7,3.1,2.9,75.0,73.0,0.396,2.6,6.1,1.2,0.8,2.8,2.8,0.0,0.0,0.0,0.0,0.0
Gordon Hayward\haywago01,SF,29.0,52.0,52.0,33.5,0.383,0.855,1.1,4.1,0.7,0.4,1.8,1.8,72.0,18.0,0.333,0.7,3.4,0.9,0.3,1.5,1.4,1.0,1.0,0.0,0.0,0.0,0.0,0.0,0.0,1.0,73.0,0.398,3.5,1.0,0.3
Otto Porter\porteot01,SF,26.0,14.0,9.0,23.6,0.387,0.7040000000000001,0.9,1.8,1.1,0.4,0.8,2.2,56.0,43.0,0.406,1.0,2.1,1.5,0.6,1.2,1.9,77.0,77.0,0.441,1.3,2.0,1.5,0.5,1.0,2.0,80.0,0.434,1.5,1.5,0.5
DeMar DeRozan\derozde01,SF,30.0,68.0,68.0,34.1,0.257,0.845,0.6,5.6,1.0,0.3,2.4,2.6,77.0,77.0,0.156,0.7,6.2,1.1,0.5,2.6,2.3,80.0,80.0,0.31,0.7,5.2,1.1,0.3,2.2,1.9,74.0,0.266,3.9,1.1,0.2
Steven Adams\adamsst01,C,26.0,63.0,63.0,26.7,0.333,0.5820000000000001,3.3,2.3,0.8,1.1,1.5,1.9,80.0,80.0,0.0,4.9,1.6,1.5,1.0,1.7,2.6,76.0,76.0,0.0,5.1,1.2,1.2,1.0,1.7,2.8,80.0,0.0,1.1,1.1,1.0
Giannis Antetokounmpo\antetgi01,PF,25.0,63.0,63.0,30.4,0.304,0.633,2.2,5.6,1.0,1.0,3.7,3.1,72.0,72.0,0.256,2.2,5.9,1.3,1.5,3.7,3.2,75.0,75.0,0.307,2.1,4.8,1.5,1.4,3.0,3.1,80.0,0.272,5.4,1.6,1.9
Al Horford\horfoal01,C,33.0,67.0,61.0,30.2,0.35,0.763,1.5,4.0,0.8,0.9,1.2,2.1,68.0,68.0,0.36,1.8,4.2,0.9,1.3,1.5,1.9,72.0,72.0,0.429,1.4,4.7,0.6,1.1,1.8,1.9,68.0,0.355,5.0,0.8,1.3
Rudy Gobert\goberru01,C,27.0,68.0,68.0,34.3,0.0,0.63,3.4,1.5,0.8,2.0,1.9,3.2,81.0,80.0,0.0,3.8,2.0,0.8,2.3,1.6,2.9,56.0,56.0,0.0,2.9,1.4,0.8,2.3,1.9,2.7,81.0,0.0,1.2,0.6,2.6
Jrue Holiday\holidjr01,SG,29.0,61.0,61.0,34.7,0.353,0.7090000000000001,1.3,6.7,1.6,0.8,3.0,2.4,67.0,67.0,0.325,1.1,7.7,1.6,0.8,3.1,2.2,81.0,81.0,0.337,0.8,6.0,1.5,0.8,2.6,2.5,61.0,0.35600000000000004,7.3,1.5,0.7
Nikola Vučević\vucevni01,C,29.0,62.0,62.0,32.2,0.339,0.784,2.3,3.6,0.9,0.8,1.4,2.2,80.0,80.0,0.364,2.8,3.8,1.0,1.1,2.0,2.0,57.0,57.0,0.314,1.8,3.4,1.0,1.1,1.9,2.5,0.0,0.0,0.0,0.0,0.0
Buddy Hield\hieldbu01,SG,27.0,72.0,44.0,30.8,0.394,0.846,0.8,3.0,0.9,0.2,2.3,2.3,82.0,82.0,0.4270000000000001,1.3,2.5,0.7,0.4,1.8,2.5,80.0,12.0,0.431,0.7,1.9,1.1,0.3,1.6,1.9,55.0,0.391,1.5,0.5,0.1
LaMarcus Aldridge\aldrila01,C,34.0,53.0,53.0,33.1,0.389,0.8270000000000001,1.9,2.4,0.7,1.6,1.4,2.4,81.0,81.0,0.238,3.1,2.4,0.5,1.3,1.8,2.2,75.0,75.0,0.293,3.3,2.0,0.6,1.2,1.5,2.1,72.0,0.411,1.9,0.6,1.2
Jaylen Brown\brownja02,SG,23.0,57.0,57.0,33.9,0.382,0.7240000000000001,1.1,2.1,1.1,0.4,2.2,2.9,74.0,25.0,0.344,0.9,1.4,0.9,0.4,1.3,2.5,70.0,70.0,0.395,0.9,1.6,1.0,0.4,1.8,2.6,20.0,0.341,0.8,0.4,0.2
Draymond Green\greendr01,PF,29.0,43.0,43.0,28.4,0.279,0.759,0.5,6.2,1.4,0.8,2.3,2.6,66.0,66.0,0.285,0.9,6.9,1.4,1.1,2.6,3.0,70.0,70.0,0.301,1.1,7.3,1.4,1.3,2.9,2.6,76.0,0.308,7.0,2.0,1.4
Harrison Barnes\barneha02,PF,27.0,72.0,72.0,34.5,0.381,0.8009999999999999,1.1,2.2,0.6,0.2,1.2,1.3,77.0,77.0,0.395,0.7,1.5,0.6,0.2,1.3,1.6,77.0,77.0,0.35700000000000004,1.0,2.0,0.6,0.2,1.5,1.2,79.0,0.35100000000000003,1.5,0.8,0.2
Fred VanVleet\vanvlfr01,SG,25.0,54.0,54.0,35.7,0.39,0.848,0.3,6.6,1.9,0.3,2.2,2.4,64.0,28.0,0.378,0.3,4.8,0.9,0.3,1.3,1.7,76.0,0.0,0.414,0.3,3.2,0.9,0.3,1.0,1.7,0.0,0.379,0.9,0.4,0.1
Victor Oladipo\oladivi01,SG,27.0,19.0,16.0,27.8,0.317,0.8140000000000001,0.5,2.9,0.9,0.2,2.5,1.9,36.0,36.0,0.343,0.6,5.2,1.7,0.3,2.3,2.0,75.0,75.0,0.371,0.6,4.3,2.4,0.8,2.9,2.3,67.0,0.361,2.6,1.2,0.3
Malcolm Brogdon\brogdma01,PG,27.0,54.0,54.0,30.9,0.326,0.892,0.9,7.1,0.6,0.2,2.4,1.8,64.0,64.0,0.426,1.0,3.2,0.7,0.2,1.4,1.6,48.0,20.0,0.385,0.5,3.2,0.9,0.3,1.4,2.7,28.0,0.404,4.2,1.1,0.2
Zach LaVine\lavinza01,SG,24.0,60.0,60.0,34.8,0.38,0.802,0.7,4.2,1.5,0.5,3.4,2.2,63.0,62.0,0.374,0.6,4.5,1.0,0.4,3.4,2.2,24.0,24.0,0.341,0.4,3.0,1.0,0.2,1.8,2.3,47.0,0.387,3.0,0.9,0.2
Danilo Gallinari\gallida01,PF,31.0,62.0,62.0,29.6,0.405,0.893,0.5,1.9,0.7,0.1,1.2,1.2,68.0,68.0,0.433,0.8,2.6,0.7,0.3,1.5,1.9,21.0,21.0,0.324,0.4,2.0,0.6,0.5,1.2,1.4,63.0,0.389,2.1,0.6,0.2
Gary Harris\harriga01,SG,25.0,56.0,55.0,31.8,0.333,0.815,0.5,2.1,1.4,0.3,1.1,2.1,57.0,48.0,0.339,0.7,2.2,1.0,0.3,1.2,2.0,67.0,65.0,0.396,0.6,2.9,1.8,0.2,1.8,1.8,56.0,0.42,2.9,1.2,0.1
Jerami Grant\grantje01,PF,25.0,71.0,24.0,26.6,0.389,0.75,0.8,1.2,0.7,0.8,0.9,2.2,80.0,77.0,0.392,1.2,1.0,0.8,1.3,0.8,2.7,81.0,1.0,0.29100000000000004,1.1,0.7,0.4,1.0,0.7,1.9,4.0,0.371,0.6,0.4,1.0
Tim Hardaway Jr.\hardati02,SG,27.0,71.0,58.0,29.5,0.398,0.8190000000000001,0.4,1.9,0.6,0.1,1.0,1.8,65.0,63.0,0.34,0.5,2.4,0.8,0.1,1.6,2.2,57.0,54.0,0.317,0.6,2.7,1.1,0.2,1.6,2.2,30.0,0.35700000000000004,2.3,0.7,0.2
Terry Rozier\roziete01,PG,25.0,63.0,63.0,34.3,0.407,0.8740000000000001,0.8,4.1,1.0,0.2,2.2,2.0,79.0,14.0,0.353,0.4,2.9,0.9,0.3,0.9,1.3,80.0,16.0,0.381,0.8,2.9,1.0,0.2,1.0,1.5,0.0,0.318,1.8,0.6,0.1
Julius Randle\randlju01,PF,25.0,64.0,64.0,32.5,0.277,0.733,2.4,3.1,0.8,0.3,3.0,2.8,73.0,49.0,0.344,2.2,3.1,0.7,0.6,2.8,3.4,82.0,49.0,0.222,2.2,2.6,0.5,0.5,2.6,3.3,73.0,0.27,3.6,0.7,0.5
Aaron Gordon\gordoaa01,PF,24.0,62.0,62.0,32.5,0.308,0.674,1.7,3.7,0.8,0.6,1.6,2.0,78.0,78.0,0.349,1.7,3.7,0.7,0.7,2.1,2.2,58.0,57.0,0.336,1.5,2.3,1.0,0.8,1.8,1.9,72.0,0.28800000000000003,1.9,0.8,0.5
Myles Turner\turnemy01,C,23.0,62.0,62.0,29.5,0.344,0.7509999999999999,1.4,1.2,0.7,2.1,1.4,2.7,74.0,74.0,0.388,1.4,1.6,0.8,2.7,1.4,2.6,65.0,62.0,0.35700000000000004,1.4,1.3,0.6,1.8,1.5,2.9,81.0,0.348,1.3,0.9,2.1
Bogdan Bogdanović\bogdabo01,SG,27.0,61.0,28.0,29.0,0.3720000000000001,0.741,0.4,3.4,1.0,0.2,1.7,2.2,70.0,17.0,0.36,0.6,3.8,1.0,0.2,1.7,2.0,78.0,53.0,0.392,0.4,3.3,0.9,0.2,1.6,2.2,0.0,0.0,0.0,0.0,0.0
Goran Dragić\dragigo01,PG,33.0,59.0,3.0,28.2,0.3670000000000001,0.7759999999999999,0.5,5.1,0.7,0.2,2.4,2.1,36.0,22.0,0.348,0.6,4.8,0.8,0.1,2.0,2.3,75.0,75.0,0.37,0.7,4.8,0.8,0.2,2.2,2.4,0.0,0.0,0.0,0.0,0.0
Bojan Bogdanović\bogdabo02,SF,30.0,63.0,63.0,33.1,0.414,0.903,0.6,2.1,0.5,0.1,2.5,1.7,81.0,81.0,0.425,0.4,2.0,0.9,0.0,1.7,1.7,80.0,80.0,0.402,0.4,1.5,0.7,0.1,1.3,1.6,0.0,0.0,0.0,0.0,0.0
Gorgui Dieng\dienggo01,C,30.0,63.0,17.0,17.4,0.355,0.772,1.4,1.2,0.8,0.9,1.0,2.0,76.0,2.0,0.339,1.1,0.9,0.6,0.5,0.8,1.8,79.0,0.0,0.311,1.3,0.9,0.6,0.5,0.7,1.9,82.0,0.3720000000000001,1.9,1.1,1.2
Domantas Sabonis\sabondo01,PF,23.0,62.0,62.0,34.8,0.254,0.723,3.0,5.0,0.8,0.5,2.7,3.1,74.0,5.0,0.529,2.5,2.9,0.6,0.4,2.2,3.2,74.0,19.0,0.35100000000000003,2.2,2.0,0.5,0.4,1.9,3.0,66.0,0.321,1.0,0.5,0.4
Ricky Rubio\rubiori01,PG,29.0,65.0,65.0,31.0,0.361,0.863,0.7,8.8,1.4,0.2,2.7,2.6,68.0,67.0,0.311,0.5,6.1,1.3,0.1,2.6,2.6,77.0,77.0,0.35200000000000004,0.6,5.3,1.6,0.1,2.7,2.7,75.0,0.306,9.1,1.7,0.1
Evan Fournier\fournev01,SF,27.0,66.0,66.0,31.5,0.399,0.818,0.3,3.2,1.1,0.2,1.9,2.4,81.0,81.0,0.34,0.5,3.6,0.9,0.1,1.9,2.8,57.0,57.0,0.379,0.4,2.9,0.8,0.3,1.7,2.4,66.0,0.35600000000000004,3.0,1.0,0.1
Eric Bledsoe\bledser01,PG,30.0,61.0,61.0,27.0,0.344,0.79,0.7,5.4,0.9,0.4,2.4,2.1,78.0,78.0,0.329,1.1,5.5,1.5,0.4,2.1,2.0,74.0,74.0,0.34700000000000003,0.7,5.0,2.0,0.6,2.9,2.5,66.0,0.335,6.3,1.4,0.5
Eric Gordon\gordoer01,SF,31.0,36.0,15.0,28.2,0.317,0.7659999999999999,0.3,1.5,0.6,0.4,1.2,1.9,68.0,53.0,0.36,0.3,1.9,0.6,0.4,1.3,2.1,69.0,30.0,0.359,0.4,2.2,0.6,0.4,1.9,1.7,15.0,0.3720000000000001,2.5,0.6,0.5
Caris LeVert\leverca01,SG,25.0,45.0,31.0,29.6,0.364,0.711,1.1,4.4,1.2,0.2,2.6,1.8,40.0,25.0,0.312,0.9,3.9,1.1,0.4,1.7,1.9,71.0,10.0,0.34700000000000003,0.7,4.2,1.2,0.3,2.2,2.2,26.0,0.321,1.9,0.9,0.1
Joe Harris\harrijo01,SF,28.0,69.0,69.0,30.8,0.424,0.7190000000000001,0.9,2.1,0.6,0.2,1.5,2.3,76.0,76.0,0.474,0.7,2.4,0.5,0.2,1.6,2.4,78.0,14.0,0.419,0.7,1.6,0.4,0.3,1.2,2.0,11.0,0.385,1.0,0.6,0.2
James Johnson\johnsja01,PF-C,32.0,32.0,1.0,19.3,0.363,0.6459999999999999,0.8,2.3,0.8,1.0,1.5,2.5,55.0,33.0,0.336,0.4,2.5,0.6,0.5,1.3,2.1,73.0,41.0,0.308,0.8,3.8,1.0,0.7,1.9,2.6,5.0,0.34,3.6,1.0,1.1
Clint Capela\capelca01,C,25.0,39.0,39.0,32.8,0.0,0.529,4.3,1.2,0.8,1.8,1.6,2.6,67.0,67.0,0.0,4.4,1.4,0.7,1.5,1.4,2.5,74.0,74.0,0.0,3.3,0.9,0.8,1.9,1.4,2.5,59.0,0.0,1.0,0.5,1.2
Dennis Schröder\schrode01,SG,26.0,65.0,2.0,30.8,0.385,0.8390000000000001,0.3,4.0,0.7,0.2,2.6,2.2,79.0,14.0,0.341,0.5,4.1,0.8,0.2,2.2,2.4,67.0,67.0,0.29,0.7,6.2,1.1,0.1,2.7,2.2,0.0,0.0,0.0,0.0,0.0
Cody Zeller\zelleco01,C,27.0,58.0,39.0,23.1,0.24,0.682,2.8,1.5,0.7,0.4,1.3,2.4,49.0,47.0,0.273,2.2,2.1,0.8,0.8,1.3,3.3,33.0,0.0,0.667,2.0,0.9,0.4,0.6,1.0,2.5,58.0,0.0,1.6,1.0,0.9
Danny Green\greenda02,SG,32.0,68.0,68.0,24.8,0.3670000000000001,0.688,0.8,1.3,1.3,0.5,0.9,2.0,80.0,80.0,0.455,0.8,1.6,0.9,0.7,0.9,2.1,70.0,60.0,0.363,0.6,1.6,0.9,1.1,1.1,1.7,68.0,0.379,1.8,1.0,0.8
Jonas Valančiūnas\valanjo01,C,27.0,70.0,70.0,26.4,0.35200000000000004,0.74,3.0,1.9,0.4,1.1,1.8,2.6,49.0,27.0,0.292,2.2,1.4,0.4,1.1,1.8,3.0,77.0,77.0,0.405,2.4,1.1,0.4,0.9,1.5,2.5,0.0,0.0,0.0,0.0,0.0
Andre Iguodala\iguodan01,SF,36.0,21.0,0.0,19.9,0.298,0.4,0.8,2.4,0.7,1.0,1.2,1.7,68.0,13.0,0.333,0.7,3.2,0.9,0.8,0.8,1.4,64.0,7.0,0.282,0.8,3.3,0.8,0.6,1.0,1.5,0.0,0.362,3.4,1.0,0.5
Marcus Morris\morrima03,SF-PF,30.0,62.0,62.0,31.2,0.408,0.823,1.0,1.4,0.8,0.5,1.6,2.9,75.0,53.0,0.375,1.0,1.5,0.6,0.3,1.2,2.4,54.0,21.0,0.368,0.8,1.3,0.6,0.2,1.2,1.9,79.0,0.331,2.0,0.7,0.3
Kelly Oubre Jr.\oubreke01,SF,24.0,56.0,55.0,34.5,0.35200000000000004,0.78,1.2,1.5,1.3,0.7,1.5,3.4,69.0,19.0,0.32,1.0,1.2,1.2,0.9,1.5,2.6,81.0,11.0,0.341,0.7,1.2,1.0,0.4,1.1,2.9,5.0,0.287,0.6,0.7,0.2
Dejounte Murray\murrade01,PG,23.0,66.0,58.0,25.6,0.369,0.7979999999999999,1.0,4.1,1.7,0.3,1.9,2.2,0.0,0.0,0.0,0.0,0.0,0.0,0.0,0.0,0.0,81.0,48.0,0.265,1.4,2.9,1.2,0.4,1.7,1.9,8.0,0.391,1.3,0.2,0.2
Rudy Gay\gayru01,PF,33.0,67.0,5.0,21.8,0.336,0.882,0.9,1.7,0.5,0.5,1.3,1.5,69.0,51.0,0.402,0.9,2.6,0.8,0.5,1.7,2.3,57.0,6.0,0.314,1.3,1.3,0.8,0.7,1.4,1.7,30.0,0.3720000000000001,2.8,1.5,0.9
Taurean Prince\princta02,PF,25.0,64.0,61.0,29.0,0.339,0.7979999999999999,0.8,1.8,0.9,0.4,2.0,2.5,55.0,47.0,0.39,0.4,2.1,1.0,0.3,1.8,2.6,82.0,82.0,0.385,0.6,2.6,1.0,0.5,2.3,2.0,10.0,0.324,0.9,0.7,0.5
Will Barton\bartowi01,SF,29.0,58.0,58.0,33.0,0.375,0.767,1.3,3.7,1.1,0.5,1.5,2.1,43.0,38.0,0.342,0.7,2.9,0.4,0.5,1.5,1.9,81.0,40.0,0.37,0.9,4.1,1.0,0.6,1.8,2.1,19.0,0.37,3.4,0.8,0.5
Dāvis Bertāns\bertada01,PF,27.0,54.0,4.0,29.3,0.424,0.852,0.6,1.7,0.7,0.6,1.1,2.6,76.0,12.0,0.429,0.3,1.3,0.5,0.4,0.6,1.8,77.0,10.0,0.373,0.2,1.0,0.3,0.4,0.5,1.2,0.0,0.0,0.0,0.0,0.0
Thaddeus Young\youngth01,PF,31.0,64.0,16.0,24.9,0.35600000000000004,0.583,1.5,1.8,1.4,0.4,1.6,2.1,81.0,81.0,0.349,2.4,2.5,1.5,0.4,1.5,2.4,81.0,81.0,0.32,2.3,1.9,1.7,0.4,1.3,2.2,74.0,0.381,1.6,1.5,0.4
Terrence Ross\rosste01,SG,28.0,69.0,0.0,27.4,0.35100000000000003,0.853,0.2,1.2,1.1,0.3,1.0,1.6,81.0,0.0,0.383,0.3,1.7,0.9,0.4,1.1,1.5,24.0,20.0,0.32299999999999995,0.4,1.6,1.1,0.5,1.2,1.9,24.0,0.363,1.1,1.1,0.4
Marcus Smart\smartma01,SG,25.0,60.0,40.0,32.0,0.34700000000000003,0.836,0.7,4.9,1.7,0.5,1.7,2.7,80.0,60.0,0.364,0.7,4.0,1.8,0.4,1.5,2.5,54.0,11.0,0.301,0.8,4.8,1.3,0.4,2.4,2.5,24.0,0.28300000000000003,4.6,1.6,0.4
Patrick Beverley\beverpa01,PG,31.0,51.0,50.0,26.3,0.388,0.66,1.1,3.6,1.1,0.5,1.3,3.1,78.0,49.0,0.397,1.0,3.8,0.9,0.6,1.1,3.4,11.0,11.0,0.4,1.5,2.9,1.7,0.5,2.3,3.1,67.0,0.382,4.2,1.5,0.4
Malik Beasley\beaslma01,SG,23.0,55.0,14.0,22.0,0.388,0.818,0.3,1.4,0.7,0.1,1.0,1.4,81.0,18.0,0.402,0.4,1.2,0.7,0.1,0.7,1.4,62.0,0.0,0.341,0.2,0.5,0.2,0.1,0.4,0.6,1.0,0.321,0.5,0.3,0.0
Patty Mills\millspa02,PG,31.0,66.0,1.0,22.5,0.382,0.866,0.3,1.8,0.8,0.1,0.8,1.6,82.0,1.0,0.394,0.3,3.0,0.6,0.1,1.1,1.6,82.0,36.0,0.3720000000000001,0.3,2.8,0.7,0.1,1.3,1.6,8.0,0.414,3.5,0.8,0.0
Christian Wood\woodch01,PF,24.0,62.0,12.0,21.4,0.386,0.7440000000000001,1.7,1.0,0.5,0.9,1.4,1.6,21.0,2.0,0.34600000000000003,0.8,0.4,0.3,0.5,0.8,0.8,0.0,0.0,0.0,0.0,0.0,0.0,0.0,0.0,0.0,0.0,0.0,0.2,0.2,0.5
J.J. Redick\redicjj01,SG,35.0,60.0,36.0,26.4,0.453,0.892,0.2,2.0,0.3,0.2,1.3,1.6,76.0,63.0,0.397,0.3,2.7,0.4,0.2,1.3,1.7,70.0,70.0,0.42,0.1,3.0,0.5,0.1,1.5,1.8,78.0,0.429,1.4,0.7,0.2
Justise Winslow\winslju01,SG,23.0,11.0,5.0,32.0,0.222,0.667,1.5,4.0,0.6,0.5,2.2,3.5,66.0,52.0,0.375,1.0,4.3,1.1,0.3,2.2,2.7,68.0,25.0,0.38,0.9,2.2,0.8,0.5,1.1,2.1,15.0,0.2,3.7,1.4,0.3
Trevor Ariza\arizatr01,SF,34.0,53.0,21.0,28.2,0.3720000000000001,0.838,0.6,1.7,1.3,0.3,1.1,2.1,69.0,69.0,0.334,0.7,3.7,1.3,0.3,1.5,1.9,67.0,67.0,0.368,0.5,1.6,1.5,0.2,0.8,2.0,80.0,0.344,2.2,1.8,0.3
Brook Lopez\lopezbr01,C,31.0,68.0,67.0,26.7,0.314,0.836,0.9,1.5,0.7,2.4,1.0,2.4,81.0,81.0,0.365,0.4,1.2,0.6,2.2,1.0,2.3,74.0,72.0,0.345,1.0,1.7,0.4,1.3,1.3,2.6,75.0,0.34600000000000003,2.3,0.5,1.7
Dion Waiters\waitedi01,SG,28.0,10.0,0.0,20.7,0.319,0.8240000000000001,0.2,2.0,0.4,0.6,1.6,2.1,44.0,28.0,0.377,0.2,2.8,0.7,0.2,1.5,1.6,30.0,30.0,0.306,0.3,3.8,0.8,0.3,2.3,2.0,43.0,0.395,4.3,0.9,0.4
Cory Joseph\josepco01,PG,28.0,72.0,26.0,24.4,0.35200000000000004,0.857,0.6,3.5,0.7,0.3,1.1,1.8,82.0,9.0,0.322,0.5,3.9,1.1,0.3,1.0,1.6,82.0,17.0,0.353,0.5,3.2,1.0,0.2,1.1,1.7,22.0,0.35600000000000004,3.3,0.8,0.2
Markelle Fultz\fultzma01,PG,21.0,72.0,60.0,27.7,0.267,0.73,0.6,5.1,1.3,0.2,2.0,2.0,19.0,15.0,0.28600000000000003,1.4,3.1,0.9,0.3,1.3,2.7,14.0,0.0,0.0,0.8,3.8,0.9,0.3,1.2,1.6,0.0,0.0,0.0,0.0,0.0
Kelly Olynyk\olynyke01,C,28.0,67.0,9.0,19.4,0.406,0.86,0.7,1.7,0.7,0.3,1.1,2.6,79.0,36.0,0.354,0.9,1.8,0.7,0.5,1.4,2.3,76.0,22.0,0.379,1.2,2.7,0.8,0.5,1.9,2.9,6.0,0.354,2.0,0.6,0.4
Tony Snell\snellto01,SF,28.0,59.0,57.0,27.8,0.402,1.0,0.2,2.2,0.5,0.3,0.5,1.7,74.0,12.0,0.397,0.4,0.9,0.4,0.2,0.3,1.2,75.0,59.0,0.403,0.1,1.3,0.6,0.4,0.5,1.5,80.0,0.406,1.2,0.7,0.2
Robert Covington\covinro01,PF-C,29.0,70.0,68.0,30.5,0.335,0.7979999999999999,0.9,1.3,1.6,1.3,1.5,3.1,35.0,35.0,0.378,0.8,1.3,2.1,1.3,1.3,3.6,80.0,80.0,0.369,0.7,2.0,1.7,0.9,1.6,3.0,67.0,0.333,1.5,1.9,1.0
Kentavious Caldwell-Pope\caldwke01,SG,26.0,69.0,26.0,25.5,0.385,0.775,0.6,1.6,0.8,0.2,0.9,1.9,82.0,23.0,0.34700000000000003,0.6,1.3,0.9,0.2,0.8,1.7,74.0,74.0,0.383,0.8,2.2,1.4,0.2,1.3,2.0,75.0,0.35,2.5,1.2,0.2
Jusuf Nurkić\nurkiju01,C,25.0,8.0,8.0,31.6,0.2,0.8859999999999999,2.9,4.0,1.4,2.0,2.4,4.9,72.0,72.0,0.103,3.4,3.2,1.0,1.4,2.3,3.5,79.0,79.0,0.0,2.4,1.8,0.8,1.4,2.3,3.1,0.0,0.0,0.0,0.0,0.0
T.J. Warren\warretj01,SF,26.0,67.0,67.0,32.9,0.403,0.8190000000000001,1.0,1.5,1.2,0.5,1.3,2.8,43.0,36.0,0.428,0.7,1.5,1.2,0.7,1.2,2.8,65.0,65.0,0.222,1.9,1.3,1.0,0.6,1.3,2.3,59.0,0.265,1.1,1.2,0.6
Larry Nance Jr.\nancela02,PF,27.0,56.0,10.0,26.3,0.35200000000000004,0.6759999999999999,1.9,2.2,1.0,0.4,1.1,1.6,67.0,30.0,0.337,2.5,3.2,1.5,0.6,1.4,2.9,66.0,27.0,0.16699999999999998,2.4,1.2,1.3,0.6,0.8,2.6,7.0,0.278,1.5,1.3,0.6
Jordan Clarkson\clarkjo01,SG,27.0,71.0,2.0,24.0,0.368,0.836,0.7,1.9,0.6,0.2,1.4,1.5,81.0,0.0,0.324,1.0,2.4,0.7,0.2,1.7,1.4,81.0,2.0,0.35200000000000004,0.7,2.7,0.7,0.1,1.6,1.3,19.0,0.329,2.6,1.1,0.1
Spencer Dinwiddie\dinwisp01,PG,26.0,64.0,49.0,31.2,0.308,0.778,0.5,6.8,0.6,0.3,2.7,2.8,68.0,4.0,0.335,0.4,4.6,0.6,0.3,2.2,2.8,80.0,58.0,0.326,0.5,6.6,0.9,0.3,1.6,2.3,18.0,0.376,3.1,0.7,0.4
Dillon Brooks\brookdi01,SG,24.0,73.0,73.0,28.9,0.358,0.8079999999999999,0.9,2.1,0.9,0.4,1.7,3.8,18.0,0.0,0.375,0.5,0.9,0.6,0.2,1.1,2.8,82.0,74.0,0.35600000000000004,0.6,1.6,0.9,0.2,1.5,2.8,0.0,0.0,0.0,0.0,0.0
Lonzo Ball\balllo01,PG,22.0,63.0,54.0,32.1,0.375,0.5660000000000001,1.1,7.0,1.4,0.6,3.1,2.0,47.0,45.0,0.329,1.1,5.4,1.5,0.4,2.2,2.4,52.0,50.0,0.305,1.3,7.2,1.7,0.8,2.6,2.3,0.0,0.0,0.0,0.0,0.0
Norman Powell\powelno01,SG,26.0,52.0,26.0,28.4,0.399,0.843,0.5,1.8,1.2,0.4,1.5,2.1,60.0,3.0,0.4,0.3,1.5,0.7,0.2,1.1,1.6,70.0,18.0,0.285,0.2,1.3,0.5,0.2,0.9,1.6,18.0,0.324,1.1,0.7,0.2
Joe Ingles\inglejo01,PF,32.0,72.0,45.0,29.7,0.399,0.787,0.4,5.2,0.9,0.2,2.0,2.1,82.0,82.0,0.391,0.4,5.7,1.2,0.2,2.4,2.2,82.0,81.0,0.44,0.3,4.8,1.1,0.2,1.9,2.2,26.0,0.441,2.7,1.2,0.1
Josh Richardson\richajo01,SG,26.0,55.0,53.0,30.8,0.341,0.809,0.7,2.9,0.9,0.7,1.9,2.5,73.0,73.0,0.35700000000000004,0.7,4.1,1.1,0.5,1.5,2.7,81.0,81.0,0.378,0.9,2.9,1.5,0.9,1.7,2.5,34.0,0.33,2.6,1.1,0.7
Jeremy Lamb\lambje01,SG,27.0,46.0,42.0,28.1,0.335,0.836,0.5,2.1,1.2,0.5,1.1,2.3,79.0,55.0,0.348,0.8,2.2,1.1,0.4,1.0,1.8,80.0,18.0,0.37,0.6,2.3,0.8,0.4,1.2,1.7,5.0,0.281,1.2,0.4,0.4
DeAndre Jordan\jordade01,C,31.0,56.0,6.0,22.0,0.0,0.68,2.5,1.9,0.3,0.9,1.3,2.0,69.0,69.0,0.0,3.3,2.3,0.6,1.1,2.2,2.4,77.0,77.0,0.0,4.3,1.5,0.5,0.9,1.8,2.6,81.0,0.0,1.2,0.6,1.7
Zion Williamson\willizi01,PF,19.0,24.0,24.0,27.8,0.429,0.64,2.7,2.1,0.7,0.4,2.5,1.8,0.0,0.0,0.0,0.0,0.0,0.0,0.0,0.0,0.0,0.0,0.0,0.0,0.0,0.0,0.0,0.0,0.0,0.0,0.0,0.0,0.0,0.0,0.0
Dwight Powell\poweldw01,C,28.0,40.0,37.0,26.5,0.256,0.667,1.9,1.5,0.9,0.6,0.9,2.6,77.0,22.0,0.307,1.8,1.5,0.6,0.6,0.9,2.6,79.0,25.0,0.333,1.7,1.2,0.8,0.4,0.7,2.4,3.0,0.284,0.6,0.8,0.5
Rodney Hood\hoodro01,SF,27.0,21.0,21.0,29.5,0.493,0.778,0.5,1.5,0.8,0.2,0.9,2.2,72.0,49.0,0.35600000000000004,0.3,1.8,0.8,0.2,0.8,2.0,60.0,23.0,0.381,0.4,1.6,0.8,0.2,1.2,1.8,55.0,0.371,1.6,0.6,0.2
Deandre Ayton\aytonde01,C,21.0,38.0,32.0,32.5,0.231,0.753,3.9,1.9,0.7,1.5,2.1,3.1,71.0,70.0,0.0,3.1,1.8,0.9,0.9,1.8,2.9,0.0,0.0,0.0,0.0,0.0,0.0,0.0,0.0,0.0,0.0,0.0,0.0,0.0,0.0
Tomáš Satoranský\satorto01,SG,28.0,65.0,64.0,28.9,0.322,0.8759999999999999,1.2,5.4,1.2,0.1,2.0,2.1,80.0,54.0,0.395,1.0,5.0,1.0,0.2,1.5,2.2,73.0,30.0,0.465,1.0,3.9,0.7,0.2,1.1,1.8,0.0,0.0,0.0,0.0,0.0
Jayson Tatum\tatumja01,PF,21.0,66.0,66.0,34.3,0.403,0.812,1.0,3.0,1.4,0.9,2.3,2.1,79.0,79.0,0.373,0.9,2.1,1.1,0.7,1.5,2.1,80.0,80.0,0.434,0.6,1.6,1.0,0.7,1.4,2.1,0.0,0.0,0.0,0.0,0.0
Meyers Leonard\leoname01,C,27.0,51.0,49.0,20.3,0.414,0.643,0.6,1.1,0.3,0.3,0.8,2.1,61.0,2.0,0.45,0.8,1.2,0.2,0.1,0.7,1.7,33.0,2.0,0.423,0.4,0.5,0.2,0.0,0.3,1.1,12.0,0.34700000000000003,1.0,0.2,0.4
Al-Farouq Aminu\aminual01,PF,29.0,18.0,2.0,21.1,0.25,0.655,1.3,1.2,1.0,0.4,0.9,1.5,81.0,81.0,0.343,1.4,1.3,0.8,0.4,0.9,1.8,69.0,67.0,0.369,1.4,1.2,1.1,0.6,1.1,2.0,25.0,0.33,1.6,1.0,0.7
Dante Exum\exumda01,SG,24.0,35.0,1.0,13.9,0.349,0.7440000000000001,0.3,1.1,0.4,0.2,0.9,1.1,42.0,1.0,0.29,0.4,2.6,0.3,0.1,1.2,1.6,14.0,0.0,0.278,0.3,3.1,0.6,0.2,1.4,1.4,26.0,0.295,1.7,0.3,0.2
George Hill\hillge01,PG,33.0,59.0,2.0,21.5,0.46,0.8420000000000001,0.8,3.1,0.8,0.1,1.0,1.4,60.0,13.0,0.314,0.7,2.3,0.9,0.1,0.9,1.7,67.0,60.0,0.415,0.6,2.8,0.9,0.4,1.3,1.9,49.0,0.403,4.2,1.0,0.2
Kyle Anderson\anderky01,SF,26.0,67.0,28.0,19.9,0.282,0.667,0.9,2.4,0.8,0.6,1.0,1.7,43.0,40.0,0.265,1.1,3.0,1.3,0.9,1.3,2.6,74.0,67.0,0.333,1.1,2.7,1.6,0.8,1.3,1.5,14.0,0.375,1.3,0.7,0.4
Derrick Jones Jr.\jonesde02,SF,22.0,59.0,16.0,23.3,0.28,0.772,1.1,1.1,1.0,0.6,0.5,2.2,60.0,14.0,0.308,1.6,0.6,0.8,0.7,0.7,2.1,20.0,8.0,0.16699999999999998,1.1,0.5,0.2,0.7,0.4,1.2,8.0,0.273,0.4,0.4,0.4
Jae Crowder\crowdja01,SF-PF,29.0,65.0,53.0,28.8,0.343,0.7759999999999999,0.8,2.5,1.1,0.4,1.1,2.2,80.0,11.0,0.331,0.8,1.7,0.8,0.4,1.1,2.1,80.0,47.0,0.32299999999999995,0.7,1.2,0.8,0.3,0.9,2.3,72.0,0.398,2.2,1.0,0.3
Derrick Favors\favorde01,C,28.0,51.0,49.0,24.4,0.14300000000000002,0.563,3.2,1.6,0.6,0.9,1.1,2.1,76.0,70.0,0.218,2.7,1.2,0.7,1.4,1.1,2.1,77.0,77.0,0.222,2.6,1.3,0.7,1.1,1.1,2.1,39.0,0.3,1.1,0.9,0.8
Montrezl Harrell\harremo01,C,26.0,63.0,2.0,27.8,0.0,0.6579999999999999,2.6,1.7,0.6,1.1,1.7,2.3,82.0,5.0,0.17600000000000002,2.2,2.0,0.9,1.3,1.6,3.1,76.0,3.0,0.14300000000000002,1.4,1.0,0.5,0.7,0.9,1.9,14.0,0.14300000000000002,1.1,0.3,0.7
Tristan Thompson\thomptr01,PF,28.0,57.0,51.0,30.2,0.391,0.615,4.0,2.1,0.6,0.9,1.8,2.2,43.0,40.0,0.0,4.0,2.0,0.7,0.4,1.4,2.1,53.0,22.0,0.0,2.4,0.6,0.3,0.3,0.7,1.9,78.0,0.0,1.0,0.5,1.1
Serge Ibaka\ibakase01,C,30.0,55.0,27.0,27.0,0.385,0.718,2.1,1.4,0.5,0.8,2.0,2.8,74.0,51.0,0.29,2.1,1.3,0.4,1.4,1.5,2.9,76.0,76.0,0.36,1.0,0.8,0.4,1.3,1.2,2.8,79.0,0.391,0.9,0.5,1.6
Ja Morant\moranja01,PG,20.0,67.0,67.0,31.0,0.335,0.7759999999999999,0.8,7.3,0.9,0.3,3.3,1.6,0.0,0.0,0.0,0.0,0.0,0.0,0.0,0.0,0.0,0.0,0.0,0.0,0.0,0.0,0.0,0.0,0.0,0.0,0.0,0.0,0.0,0.0,0.0
Delon Wright\wrighde01,PG,27.0,73.0,5.0,21.5,0.37,0.77,1.0,3.3,1.2,0.3,1.0,1.3,75.0,13.0,0.298,0.9,3.3,1.2,0.4,1.0,1.4,69.0,4.0,0.366,0.7,2.9,1.0,0.5,1.1,1.2,0.0,0.333,2.1,1.0,0.4
Marvin Bagley III\baglema01,C,20.0,13.0,6.0,25.7,0.182,0.8059999999999999,2.2,0.8,0.5,0.9,1.4,3.3,62.0,4.0,0.313,2.6,1.0,0.5,1.0,1.6,1.9,0.0,0.0,0.0,0.0,0.0,0.0,0.0,0.0,0.0,0.0,0.0,0.0,0.0,0.0
Cedi Osman\osmande01,SF,24.0,65.0,65.0,29.4,0.383,0.67,0.6,2.4,0.8,0.2,1.4,2.5,76.0,75.0,0.348,0.6,2.6,0.8,0.1,1.5,2.6,61.0,12.0,0.368,0.3,0.7,0.4,0.0,0.5,1.3,0.0,0.0,0.0,0.0,0.0
Dario Šarić\saricda01,PF,25.0,66.0,51.0,24.7,0.35700000000000004,0.8440000000000001,1.5,1.9,0.6,0.2,1.3,2.4,81.0,41.0,0.365,1.6,1.6,0.6,0.1,1.2,2.2,78.0,73.0,0.393,2.0,2.6,0.7,0.3,1.9,2.1,0.0,0.0,0.0,0.0,0.0
Thomas Bryant\bryanth01,C,22.0,46.0,36.0,24.9,0.407,0.741,2.1,1.8,0.5,1.1,1.2,2.2,72.0,53.0,0.333,1.6,1.3,0.3,0.9,0.8,1.8,15.0,0.0,0.1,0.2,0.4,0.1,0.1,0.1,0.4,0.0,0.0,0.0,0.0,0.0
Maxi Kleber\klebima01,PF,28.0,74.0,21.0,25.5,0.373,0.8490000000000001,1.5,1.2,0.3,1.1,0.8,2.4,71.0,18.0,0.353,1.3,1.0,0.5,1.1,0.8,2.0,72.0,36.0,0.313,1.0,0.7,0.4,0.7,0.4,1.6,0.0,0.0,0.0,0.0,0.0
RJ Barrett\barrerj01,SG,19.0,56.0,55.0,30.4,0.32,0.614,0.9,2.6,1.0,0.3,2.2,2.2,0.0,0.0,0.0,0.0,0.0,0.0,0.0,0.0,0.0,0.0,0.0,0.0,0.0,0.0,0.0,0.0,0.0,0.0,0.0,0.0,0.0,0.0,0.0
Jakob Poeltl\poeltja01,C,24.0,66.0,18.0,17.7,0.0,0.465,2.0,1.8,0.6,1.4,0.8,1.9,77.0,24.0,0.0,2.3,1.2,0.4,0.9,0.6,1.6,82.0,0.0,0.5,2.0,0.7,0.5,1.2,1.0,2.6,4.0,0.0,0.2,0.3,0.4
De'Aaron Fox\foxde01,PG,22.0,51.0,49.0,32.0,0.292,0.705,0.7,6.8,1.5,0.5,3.1,2.8,81.0,81.0,0.371,0.5,7.3,1.6,0.6,2.8,2.5,73.0,60.0,0.307,0.5,4.4,1.0,0.3,2.4,2.2,0.0,0.0,0.0,0.0,0.0
Luka Dončić\doncilu01,PG,20.0,61.0,61.0,33.6,0.316,0.758,1.3,8.8,1.0,0.2,4.3,2.5,72.0,72.0,0.327,1.2,6.0,1.1,0.3,3.4,1.9,0.0,0.0,0.0,0.0,0.0,0.0,0.0,0.0,0.0,0.0,0.0,0.0,0.0,0.0
Royce O'Neale\onealro01,SF,26.0,71.0,62.0,28.9,0.377,0.764,0.4,2.5,0.8,0.5,0.9,2.8,82.0,16.0,0.386,0.3,1.5,0.7,0.3,0.9,2.1,69.0,4.0,0.35600000000000004,0.4,1.4,0.5,0.2,0.8,1.5,0.0,0.0,0.0,0.0,0.0
Mason Plumlee\plumlma01,C,29.0,61.0,1.0,17.3,0.0,0.535,1.6,2.5,0.5,0.6,1.3,2.3,82.0,17.0,0.2,2.0,3.0,0.8,0.9,1.5,3.1,74.0,26.0,0.0,1.8,1.9,0.7,1.1,1.4,2.5,64.0,0.0,3.5,0.9,1.1
Lou Williams\willilo02,PG,33.0,65.0,8.0,28.7,0.35200000000000004,0.861,0.5,5.6,0.7,0.2,2.8,1.2,75.0,1.0,0.361,0.5,5.4,0.8,0.1,2.4,1.1,79.0,19.0,0.359,0.5,5.3,1.1,0.2,3.0,1.3,1.0,0.365,3.0,1.0,0.2
P.J. Tucker\tuckepj01,PF,34.0,72.0,72.0,34.3,0.358,0.813,1.6,1.6,1.1,0.5,1.0,3.2,82.0,82.0,0.377,1.5,1.2,1.6,0.5,0.8,3.1,82.0,34.0,0.371,1.1,0.9,1.0,0.3,0.9,2.5,21.0,0.35700000000000004,1.2,1.4,0.2
Tyus Jones\jonesty01,PG,23.0,65.0,6.0,19.0,0.379,0.741,0.1,4.4,0.9,0.1,0.8,0.7,68.0,23.0,0.317,0.3,4.8,1.2,0.1,0.7,1.1,82.0,11.0,0.349,0.2,2.8,1.2,0.1,0.7,1.3,0.0,0.35600000000000004,2.6,0.8,0.1
Seth Curry\curryse01,SG,29.0,64.0,25.0,24.6,0.452,0.825,0.4,1.9,0.6,0.1,1.0,1.8,74.0,2.0,0.45,0.4,0.9,0.5,0.2,0.8,1.3,0.0,0.0,0.0,0.0,0.0,0.0,0.0,0.0,0.0,42.0,0.425,2.7,1.1,0.1
De'Anthony Melton\meltode01,PG,21.0,60.0,8.0,19.5,0.28600000000000003,0.769,0.7,2.9,1.3,0.3,1.4,1.8,50.0,31.0,0.305,0.5,3.2,1.4,0.5,1.5,2.3,0.0,0.0,0.0,0.0,0.0,0.0,0.0,0.0,0.0,0.0,0.0,0.0,0.0,0.0
Derrick Rose\rosede01,PG,31.0,50.0,15.0,26.0,0.306,0.871,0.5,5.6,0.8,0.3,2.5,1.0,51.0,13.0,0.37,0.6,4.3,0.6,0.2,1.6,1.1,25.0,7.0,0.233,0.5,1.5,0.3,0.2,1.4,0.6,64.0,0.217,4.4,0.7,0.3
Cristiano Felício\feliccr01,C,27.0,22.0,0.0,17.5,0.0,0.7829999999999999,2.5,0.7,0.5,0.1,0.8,1.5,60.0,0.0,0.0,1.3,0.6,0.2,0.1,0.6,1.2,55.0,16.0,0.0,1.5,1.0,0.3,0.2,1.0,1.9,0.0,0.0,0.0,0.0,0.0
De'Andre Hunter\huntede01,SF,22.0,63.0,62.0,32.0,0.355,0.764,0.7,1.8,0.7,0.3,1.6,2.9,0.0,0.0,0.0,0.0,0.0,0.0,0.0,0.0,0.0,0.0,0.0,0.0,0.0,0.0,0.0,0.0,0.0,0.0,0.0,0.0,0.0,0.0,0.0
Jonathan Isaac\isaacjo01,PF,22.0,34.0,32.0,28.8,0.34,0.779,1.7,1.4,1.6,2.3,1.4,2.4,75.0,64.0,0.32299999999999995,1.3,1.1,0.8,1.3,1.0,1.9,27.0,10.0,0.348,0.6,0.7,1.2,1.1,1.0,1.8,0.0,0.0,0.0,0.0,0.0
Doug McDermott\mcderdo01,PF,28.0,69.0,0.0,19.9,0.435,0.828,0.4,1.1,0.2,0.1,0.6,1.7,77.0,1.0,0.408,0.2,0.9,0.2,0.1,0.5,1.4,81.0,4.0,0.426,0.5,1.0,0.2,0.2,0.7,1.5,5.0,0.37,0.9,0.2,0.1
Robin Lopez\lopezro01,C,31.0,66.0,5.0,14.5,0.333,0.528,0.8,0.7,0.2,0.7,1.0,1.5,74.0,36.0,0.226,1.9,1.2,0.1,1.1,1.3,1.7,64.0,64.0,0.28600000000000003,2.1,1.9,0.2,0.8,1.7,1.7,81.0,0.0,1.0,0.2,1.4
Jaren Jackson Jr.\jacksja02,C,20.0,57.0,57.0,28.5,0.394,0.747,1.0,1.4,0.7,1.6,1.7,4.1,58.0,56.0,0.359,1.3,1.1,0.9,1.4,1.7,3.8,0.0,0.0,0.0,0.0,0.0,0.0,0.0,0.0,0.0,0.0,0.0,0.0,0.0,0.0
JaMychal Green\greenja01,PF,29.0,63.0,1.0,20.7,0.387,0.75,1.2,0.8,0.5,0.4,0.9,2.8,65.0,6.0,0.403,1.6,0.8,0.7,0.5,1.3,3.0,55.0,54.0,0.339,2.7,1.4,0.6,0.5,1.4,2.8,75.0,0.379,1.1,0.6,0.4
Nemanja Bjelica\bjeline01,PF,31.0,72.0,67.0,27.9,0.419,0.821,1.5,2.8,0.9,0.6,1.4,3.0,77.0,70.0,0.401,1.6,1.9,0.7,0.7,1.1,2.6,67.0,21.0,0.415,0.8,1.3,0.7,0.2,0.8,2.1,1.0,0.316,1.2,0.6,0.3
Ivica Zubac\zubaciv01,C,22.0,72.0,70.0,18.4,0.0,0.747,2.7,1.1,0.2,0.9,0.8,2.3,59.0,37.0,0.0,1.9,1.1,0.2,0.9,1.2,2.3,43.0,0.0,0.0,1.0,0.6,0.2,0.3,0.6,1.1,11.0,0.0,0.8,0.4,0.9
Darius Miller\milleda01,SF,29.0,0.0,0.0,0.0,0.0,0.0,0.0,0.0,0.0,0.0,0.0,0.0,69.0,15.0,0.365,0.2,2.1,0.6,0.3,0.9,2.4,82.0,3.0,0.411,0.2,1.4,0.3,0.2,0.7,2.0,0.0,0.0,0.0,0.0,0.0
Aron Baynes\baynear01,C,33.0,42.0,28.0,22.2,0.35100000000000003,0.747,1.7,1.6,0.2,0.5,1.2,3.4,51.0,18.0,0.344,1.7,1.1,0.2,0.7,0.8,2.5,81.0,67.0,0.14300000000000002,1.6,1.1,0.3,0.6,1.0,2.5,2.0,0.0,0.4,0.2,0.5
Lauri Markkanen\markkla01,PF,22.0,50.0,50.0,29.8,0.344,0.8240000000000001,1.2,1.5,0.8,0.5,1.6,1.9,52.0,51.0,0.361,1.4,1.4,0.7,0.6,1.6,2.3,68.0,68.0,0.362,1.2,1.2,0.6,0.6,1.2,1.5,0.0,0.0,0.0,0.0,0.0
Darius Garland\garlada01,SG,20.0,59.0,59.0,30.9,0.355,0.875,0.5,3.9,0.7,0.1,2.6,1.6,0.0,0.0,0.0,0.0,0.0,0.0,0.0,0.0,0.0,0.0,0.0,0.0,0.0,0.0,0.0,0.0,0.0,0.0,0.0,0.0,0.0,0.0,0.0
D.J. Augustin\augusdj01,PG,32.0,57.0,13.0,24.9,0.348,0.89,0.4,4.6,0.6,0.0,1.5,1.3,81.0,81.0,0.421,0.5,5.3,0.6,0.0,1.6,1.4,75.0,36.0,0.419,0.4,3.8,0.7,0.0,1.6,1.3,20.0,0.34700000000000003,2.7,0.4,0.0
Trae Young\youngtr01,PG,21.0,60.0,60.0,35.3,0.361,0.86,0.5,9.3,1.1,0.1,4.8,1.7,81.0,81.0,0.324,0.8,8.1,0.9,0.2,3.8,1.7,0.0,0.0,0.0,0.0,0.0,0.0,0.0,0.0,0.0,0.0,0.0,0.0,0.0,0.0
Jabari Parker\parkeja01,PF,24.0,38.0,23.0,24.1,0.269,0.753,1.6,1.8,1.2,0.4,1.7,2.6,64.0,17.0,0.313,1.2,2.4,0.7,0.5,2.4,2.3,31.0,3.0,0.383,1.4,1.9,0.8,0.3,1.5,1.6,50.0,0.365,2.8,1.0,0.4
Juan Hernangómez\hernaju01,PF,24.0,48.0,14.0,17.4,0.341,0.62,0.9,0.8,0.4,0.2,0.7,1.3,70.0,25.0,0.365,0.9,0.8,0.4,0.3,0.5,1.3,25.0,3.0,0.28,0.7,0.5,0.2,0.1,0.4,1.0,0.0,0.0,0.0,0.0,0.0
Chris Boucher\bouchch01,C,27.0,62.0,0.0,13.2,0.322,0.784,1.7,0.4,0.4,1.0,0.5,1.8,28.0,0.0,0.324,0.6,0.1,0.2,0.9,0.3,1.1,1.0,0.0,0.0,0.0,0.0,0.0,0.0,0.0,0.0,0.0,0.0,0.0,0.0,0.0
Joakim Noah\noahjo01,C,34.0,5.0,0.0,10.0,0.0,0.75,1.0,1.4,0.2,0.2,1.2,1.8,42.0,1.0,0.0,1.4,2.1,0.5,0.7,1.2,2.3,7.0,0.0,0.0,0.9,0.6,0.3,0.3,0.6,0.7,46.0,0.0,2.2,0.7,0.8
Frank Ntilikina\ntilila01,PG,21.0,57.0,26.0,20.8,0.321,0.8640000000000001,0.4,3.0,0.9,0.3,1.2,2.5,43.0,16.0,0.287,0.3,2.8,0.7,0.3,1.3,2.4,78.0,9.0,0.318,0.5,3.2,0.8,0.2,1.7,2.3,0.0,0.0,0.0,0.0,0.0
DeMarre Carroll\carrode01,SF-C,33.0,24.0,0.0,12.1,0.242,0.69,0.5,1.0,0.3,0.2,0.7,1.3,67.0,8.0,0.342,1.0,1.3,0.5,0.1,1.1,1.7,73.0,73.0,0.371,1.4,2.0,0.8,0.4,1.4,2.3,72.0,0.341,1.0,1.1,0.4
Ish Smith\smithis01,PG,31.0,68.0,23.0,26.3,0.3670000000000001,0.721,0.4,4.9,0.9,0.4,1.4,1.6,56.0,0.0,0.326,0.4,3.6,0.5,0.2,1.1,1.9,82.0,35.0,0.34700000000000003,0.3,4.4,0.8,0.2,1.3,1.7,32.0,0.267,5.2,0.8,0.4
Jarrett Culver\culveja01,SG,20.0,63.0,35.0,23.9,0.299,0.462,1.1,1.7,0.9,0.6,1.3,2.0,0.0,0.0,0.0,0.0,0.0,0.0,0.0,0.0,0.0,0.0,0.0,0.0,0.0,0.0,0.0,0.0,0.0,0.0,0.0,0.0,0.0,0.0,0.0
Alec Burks\burksal01,SF-SG,28.0,66.0,19.0,26.6,0.385,0.887,0.7,2.9,0.9,0.3,1.4,1.9,64.0,24.0,0.363,0.5,2.0,0.6,0.3,1.0,1.4,64.0,1.0,0.331,0.3,1.0,0.6,0.1,0.9,1.2,0.0,0.329,0.7,0.4,0.1
Mo Bamba\bambamo01,C,21.0,62.0,0.0,14.2,0.34600000000000003,0.674,1.6,0.7,0.4,1.4,0.7,1.9,47.0,1.0,0.3,1.4,0.8,0.3,1.4,0.9,2.2,0.0,0.0,0.0,0.0,0.0,0.0,0.0,0.0,0.0,0.0,0.0,0.0,0.0,0.0
Justin Holiday\holidju01,SF,30.0,73.0,6.0,25.0,0.405,0.7909999999999999,0.4,1.3,1.2,0.6,0.6,1.9,82.0,77.0,0.348,0.6,1.8,1.5,0.4,1.3,2.0,72.0,72.0,0.359,0.4,2.1,1.1,0.4,1.3,1.9,4.0,0.355,1.2,0.8,0.4
Dennis Smith Jr.\smithde03,PG,22.0,34.0,3.0,15.8,0.29600000000000004,0.509,0.6,2.9,0.8,0.2,1.7,1.9,53.0,50.0,0.322,0.6,4.8,1.3,0.4,2.9,2.4,69.0,69.0,0.313,0.7,5.2,1.0,0.3,2.8,2.2,0.0,0.0,0.0,0.0,0.0
Avery Bradley\bradlav01,SG,29.0,49.0,44.0,24.2,0.364,0.833,0.4,1.3,0.9,0.1,1.0,2.2,63.0,63.0,0.35100000000000003,0.7,2.4,0.7,0.3,1.4,2.7,46.0,46.0,0.369,0.5,2.0,1.1,0.2,2.2,2.0,55.0,0.39,2.2,1.2,0.2
Timofey Mozgov\mozgoti01,C,33.0,0.0,0.0,0.0,0.0,0.0,0.0,0.0,0.0,0.0,0.0,0.0,0.0,0.0,0.0,0.0,0.0,0.0,0.0,0.0,0.0,31.0,13.0,0.222,1.0,0.4,0.2,0.4,1.1,1.3,52.0,0.0,0.8,0.3,0.6
Coby White\whiteco01,PG,19.0,65.0,1.0,25.8,0.354,0.7909999999999999,0.4,2.7,0.8,0.1,1.7,1.8,0.0,0.0,0.0,0.0,0.0,0.0,0.0,0.0,0.0,0.0,0.0,0.0,0.0,0.0,0.0,0.0,0.0,0.0,0.0,0.0,0.0,0.0,0.0
Trey Lyles\lylestr01,PF,24.0,63.0,53.0,20.2,0.387,0.733,1.1,1.1,0.4,0.4,0.6,1.6,64.0,2.0,0.255,0.7,1.4,0.5,0.4,1.1,1.5,73.0,2.0,0.381,0.8,1.2,0.4,0.5,0.8,1.5,4.0,0.319,1.0,0.4,0.3
Wendell Carter Jr.\cartewe01,C,20.0,43.0,43.0,29.2,0.207,0.737,3.2,1.2,0.8,0.8,1.7,3.8,44.0,44.0,0.188,2.0,1.8,0.6,1.3,1.5,3.5,0.0,0.0,0.0,0.0,0.0,0.0,0.0,0.0,0.0,0.0,0.0,0.0,0.0,0.0
Zach Collins\colliza01,PF,22.0,11.0,11.0,26.4,0.368,0.75,2.3,1.5,0.5,0.5,1.3,3.3,77.0,0.0,0.331,1.4,0.9,0.3,0.9,1.0,2.3,66.0,1.0,0.31,0.7,0.8,0.3,0.5,0.9,2.0,0.0,0.0,0.0,0.0,0.0
Malik Monk\monkma01,SG,21.0,55.0,1.0,21.3,0.284,0.82,0.5,2.1,0.5,0.3,1.4,1.3,73.0,0.0,0.33,0.2,1.6,0.5,0.3,1.2,1.5,63.0,0.0,0.342,0.1,1.4,0.3,0.1,0.8,1.0,0.0,0.0,0.0,0.0,0.0
Luke Kennard\kennalu01,SG,23.0,28.0,25.0,32.9,0.399,0.893,0.3,4.1,0.4,0.2,1.5,2.3,63.0,10.0,0.394,0.2,1.8,0.4,0.2,0.9,1.5,73.0,9.0,0.415,0.3,1.7,0.6,0.2,0.9,1.2,0.0,0.0,0.0,0.0,0.0
Ryan Anderson\anderry01,C,31.0,2.0,0.0,7.0,0.2,0.0,0.0,1.0,0.5,0.0,0.5,0.5,25.0,8.0,0.225,0.7,0.8,0.2,0.0,0.6,1.0,66.0,50.0,0.386,1.4,0.9,0.4,0.3,0.6,1.9,72.0,0.403,0.9,0.4,0.2
Donovan Mitchell\mitchdo01,SG,23.0,69.0,69.0,34.3,0.366,0.863,0.8,4.3,1.0,0.2,2.7,2.5,77.0,77.0,0.362,0.8,4.2,1.4,0.4,2.8,2.7,79.0,71.0,0.34,0.7,3.7,1.5,0.3,2.7,2.7,0.0,0.0,0.0,0.0,0.0
Bam Adebayo\adebaba01,PF,22.0,72.0,72.0,33.6,0.14300000000000002,0.691,2.4,5.1,1.1,1.3,2.8,2.5,82.0,28.0,0.2,2.0,2.2,0.9,0.8,1.5,2.5,69.0,19.0,0.0,1.7,1.5,0.5,0.6,1.0,2.0,0.0,0.0,0.0,0.0,0.0
Jaxson Hayes\hayesja02,C,19.0,64.0,14.0,16.9,0.25,0.647,1.5,0.9,0.4,0.9,0.8,2.5,0.0,0.0,0.0,0.0,0.0,0.0,0.0,0.0,0.0,0.0,0.0,0.0,0.0,0.0,0.0,0.0,0.0,0.0,0.0,0.0,0.0,0.0,0.0
Justin Jackson\jacksju01,PF,24.0,65.0,3.0,16.1,0.294,0.84,0.4,0.8,0.2,0.2,0.2,1.1,81.0,14.0,0.355,0.5,1.2,0.4,0.2,0.4,1.2,68.0,41.0,0.308,0.4,1.1,0.4,0.2,0.6,1.2,0.0,0.0,0.0,0.0,0.0
Richaun Holmes\holmeri01,C,26.0,44.0,38.0,28.2,0.0,0.7879999999999999,2.9,1.0,0.9,1.3,1.2,3.8,70.0,4.0,0.0,1.6,0.9,0.6,1.1,0.7,2.8,48.0,2.0,0.129,1.2,1.3,0.4,0.6,0.5,2.0,17.0,0.35100000000000003,1.0,0.7,1.0
Mike Scott\scottmi01,PF,31.0,68.0,11.0,17.8,0.369,0.8109999999999999,1.0,0.8,0.3,0.1,0.4,1.4,79.0,3.0,0.401,0.5,0.8,0.3,0.2,0.6,2.0,76.0,1.0,0.405,0.7,1.1,0.3,0.1,1.0,1.9,0.0,0.14800000000000002,0.9,0.2,0.2
Enes Kanter\kanteen01,C,27.0,58.0,7.0,16.9,0.14300000000000002,0.7070000000000001,2.8,1.0,0.4,0.7,1.0,1.7,67.0,31.0,0.294,3.8,1.7,0.5,0.4,1.8,2.5,71.0,71.0,0.0,3.8,1.5,0.5,0.5,1.7,2.6,0.0,0.132,0.9,0.4,0.5
Ed Davis\davised01,C,30.0,28.0,1.0,10.8,0.0,0.5,1.3,0.4,0.4,0.3,0.5,2.2,81.0,1.0,0.0,2.7,0.8,0.4,0.4,0.8,2.8,78.0,0.0,0.0,2.3,0.5,0.4,0.7,0.8,2.4,12.0,0.0,0.6,0.3,0.5
Rodney McGruder\mcgruro01,SG,28.0,56.0,4.0,15.6,0.27,0.5589999999999999,0.5,0.6,0.5,0.1,0.4,1.3,66.0,45.0,0.35100000000000003,0.9,1.7,0.5,0.2,1.0,1.7,18.0,2.0,0.429,0.6,0.9,0.4,0.2,0.2,1.2,65.0,0.332,1.6,0.6,0.2
Nerlens Noel\noelne01,C,25.0,61.0,7.0,18.5,0.333,0.755,1.5,0.9,1.0,1.5,1.1,2.7,77.0,2.0,0.0,1.6,0.6,0.9,1.2,0.6,2.2,30.0,6.0,0.0,1.6,0.7,1.0,0.7,0.9,2.0,19.0,0.0,1.0,1.3,1.0
Daniel Theis\theisda01,C,27.0,65.0,64.0,24.1,0.333,0.763,2.2,1.7,0.6,1.3,0.8,3.4,66.0,2.0,0.388,1.3,1.0,0.3,0.6,0.5,2.4,63.0,3.0,0.31,1.4,0.9,0.5,0.8,0.9,2.5,0.0,0.0,0.0,0.0,0.0
Collin Sexton\sextoco01,PG,21.0,65.0,65.0,33.0,0.38,0.846,0.9,3.0,1.0,0.1,2.4,2.2,82.0,72.0,0.402,0.7,3.0,0.5,0.1,2.3,2.3,0.0,0.0,0.0,0.0,0.0,0.0,0.0,0.0,0.0,0.0,0.0,0.0,0.0,0.0
Luol Deng\denglu01,SF,34.0,0.0,0.0,0.0,0.0,0.0,0.0,0.0,0.0,0.0,0.0,0.0,22.0,2.0,0.318,0.9,0.8,0.7,0.4,0.6,1.1,1.0,1.0,0.0,0.0,1.0,1.0,0.0,1.0,0.0,49.0,0.309,1.3,0.9,0.4
Pat Connaughton\connapa01,SG,27.0,67.0,4.0,18.6,0.331,0.775,0.9,1.6,0.4,0.5,0.8,1.0,61.0,2.0,0.33,1.0,2.0,0.5,0.4,0.5,1.3,82.0,5.0,0.35200000000000004,0.4,1.1,0.3,0.3,0.5,1.5,1.0,0.515,0.7,0.2,0.1
Kevon Looney\looneke01,C,23.0,20.0,4.0,13.1,0.071,0.75,1.4,1.0,0.6,0.3,0.6,1.7,80.0,24.0,0.1,2.4,1.5,0.6,0.7,0.6,2.6,66.0,4.0,0.2,1.3,0.6,0.5,0.8,0.5,1.6,4.0,0.222,0.5,0.3,0.3
Josh Jackson\jacksjo02,SF,22.0,22.0,0.0,17.3,0.319,0.7,0.5,1.6,0.8,0.4,1.3,1.8,79.0,29.0,0.324,0.8,2.3,0.9,0.7,2.2,2.6,77.0,35.0,0.263,1.2,1.5,1.0,0.5,1.9,2.8,0.0,0.0,0.0,0.0,0.0
Garrett Temple\templga01,SG,33.0,62.0,35.0,27.9,0.329,0.805,0.5,2.5,0.8,0.5,1.0,1.7,75.0,55.0,0.341,0.4,1.4,1.0,0.4,0.9,2.7,65.0,35.0,0.392,0.3,1.9,0.9,0.4,1.2,2.1,21.0,0.373,2.6,1.3,0.4
Kris Dunn\dunnkr01,PG,25.0,51.0,32.0,24.9,0.259,0.741,0.5,3.4,2.0,0.3,1.3,3.1,46.0,44.0,0.354,0.4,6.0,1.5,0.5,2.3,3.6,52.0,43.0,0.321,0.5,6.0,2.0,0.5,2.9,3.3,7.0,0.28800000000000003,2.4,1.0,0.5
Denzel Valentine\valende01,SF,26.0,36.0,5.0,13.6,0.336,0.75,0.3,1.2,0.7,0.2,0.7,1.4,0.0,0.0,0.0,0.0,0.0,0.0,0.0,0.0,0.0,77.0,37.0,0.386,0.6,3.2,0.8,0.1,1.3,2.4,0.0,0.35100000000000003,1.1,0.5,0.1
Rui Hachimura\hachiru01,PF,21.0,48.0,48.0,30.1,0.287,0.8290000000000001,1.6,1.8,0.8,0.2,1.1,2.2,0.0,0.0,0.0,0.0,0.0,0.0,0.0,0.0,0.0,0.0,0.0,0.0,0.0,0.0,0.0,0.0,0.0,0.0,0.0,0.0,0.0,0.0,0.0
Kevin Knox\knoxke01,SF,20.0,65.0,4.0,17.9,0.327,0.653,0.4,0.9,0.4,0.4,0.7,1.6,75.0,57.0,0.343,0.8,1.1,0.6,0.3,1.5,2.3,0.0,0.0,0.0,0.0,0.0,0.0,0.0,0.0,0.0,0.0,0.0,0.0,0.0,0.0
D.J. Wilson\wilsodj01,PF,23.0,37.0,1.0,9.8,0.247,0.611,0.3,0.7,0.1,0.1,0.5,0.9,48.0,3.0,0.362,0.9,1.1,0.4,0.4,0.7,1.8,22.0,0.0,0.4,0.1,0.1,0.1,0.0,0.2,0.3,0.0,0.0,0.0,0.0,0.0
Cam Reddish\reddica01,SF,20.0,58.0,34.0,26.7,0.332,0.802,0.6,1.5,1.1,0.5,1.7,2.3,0.0,0.0,0.0,0.0,0.0,0.0,0.0,0.0,0.0,0.0,0.0,0.0,0.0,0.0,0.0,0.0,0.0,0.0,0.0,0.0,0.0,0.0,0.0
Mikal Bridges\bridgmi01,SF,23.0,73.0,32.0,28.0,0.361,0.8440000000000001,0.9,1.8,1.4,0.6,1.0,2.2,82.0,56.0,0.335,0.7,2.1,1.6,0.5,0.9,2.5,0.0,0.0,0.0,0.0,0.0,0.0,0.0,0.0,0.0,0.0,0.0,0.0,0.0,0.0
T.J. Leaf\leaftj01,PF,22.0,28.0,1.0,7.9,0.278,0.438,0.8,0.3,0.4,0.1,0.3,0.8,58.0,1.0,0.258,0.7,0.4,0.2,0.3,0.2,0.6,53.0,0.0,0.429,0.5,0.2,0.1,0.1,0.2,0.8,0.0,0.0,0.0,0.0,0.0
Cameron Johnson\johnsca02,PF,23.0,57.0,9.0,22.0,0.39,0.807,0.9,1.2,0.6,0.4,0.6,1.5,0.0,0.0,0.0,0.0,0.0,0.0,0.0,0.0,0.0,0.0,0.0,0.0,0.0,0.0,0.0,0.0,0.0,0.0,0.0,0.0,0.0,0.0,0.0
Reggie Bullock\bullore01,SG,28.0,29.0,19.0,23.6,0.333,0.81,0.4,1.4,0.9,0.1,0.7,1.9,63.0,60.0,0.377,0.3,2.0,0.6,0.2,1.0,1.7,62.0,52.0,0.445,0.4,1.5,0.8,0.2,0.8,1.1,5.0,0.384,0.9,0.6,0.1
JaVale McGee\mcgeeja01,C,32.0,68.0,68.0,16.6,0.5,0.6459999999999999,1.8,0.5,0.5,1.4,0.8,2.3,75.0,62.0,0.083,2.6,0.7,0.6,2.0,1.4,2.8,65.0,17.0,0.0,0.9,0.5,0.3,0.9,0.4,1.4,10.0,0.0,0.2,0.2,0.9
Shai Gilgeous-Alexander\gilgesh01,SG,21.0,70.0,70.0,34.7,0.34700000000000003,0.807,0.7,3.3,1.1,0.7,1.9,1.7,82.0,73.0,0.3670000000000001,0.7,3.3,1.2,0.5,1.7,2.1,0.0,0.0,0.0,0.0,0.0,0.0,0.0,0.0,0.0,0.0,0.0,0.0,0.0,0.0
John Collins\collijo01,PF,22.0,41.0,41.0,33.2,0.401,0.8,2.8,1.5,0.8,1.6,1.8,3.4,61.0,59.0,0.348,3.6,2.0,0.4,0.6,2.0,3.3,74.0,26.0,0.34,2.4,1.3,0.6,1.1,1.4,2.9,0.0,0.0,0.0,0.0,0.0
Nicolò Melli\mellini01,C,29.0,60.0,8.0,17.4,0.335,0.74,0.6,1.4,0.6,0.4,0.8,2.1,0.0,0.0,0.0,0.0,0.0,0.0,0.0,0.0,0.0,0.0,0.0,0.0,0.0,0.0,0.0,0.0,0.0,0.0,0.0,0.0,0.0,0.0,0.0
P.J. Washington\washipj01,PF,21.0,58.0,57.0,30.3,0.374,0.647,1.0,2.1,0.9,0.8,1.6,2.7,0.0,0.0,0.0,0.0,0.0,0.0,0.0,0.0,0.0,0.0,0.0,0.0,0.0,0.0,0.0,0.0,0.0,0.0,0.0,0.0,0.0,0.0,0.0
Dorian Finney-Smith\finnedo01,PF,26.0,71.0,68.0,29.9,0.376,0.722,2.0,1.6,0.6,0.5,1.0,2.5,81.0,26.0,0.311,1.7,1.2,0.9,0.4,0.9,2.3,21.0,13.0,0.299,1.0,1.2,0.5,0.2,1.0,2.0,35.0,0.293,0.8,0.6,0.3
Willie Cauley-Stein\caulewi01,C,26.0,54.0,39.0,20.3,0.0,0.606,1.6,1.3,0.9,1.1,0.7,2.2,81.0,81.0,0.5,2.2,2.4,1.2,0.6,1.0,2.8,73.0,58.0,0.25,1.8,2.4,1.1,0.9,1.5,2.5,21.0,0.0,1.1,0.7,0.6
Patrick McCaw\mccawpa01,SF,24.0,37.0,12.0,24.5,0.324,0.722,0.5,2.1,1.1,0.1,0.8,1.6,29.0,1.0,0.321,0.2,1.0,0.8,0.1,0.6,1.3,57.0,10.0,0.238,0.3,1.4,0.8,0.2,0.7,1.2,20.0,0.333,1.1,0.5,0.2
Terrance Ferguson\fergute01,SF,21.0,56.0,38.0,22.4,0.292,0.75,0.4,0.9,0.5,0.3,0.6,2.8,74.0,74.0,0.366,0.4,1.0,0.5,0.2,0.6,3.1,61.0,12.0,0.333,0.3,0.3,0.4,0.2,0.2,1.4,0.0,0.0,0.0,0.0,0.0
Miles Bridges\bridgmi02,SF,21.0,65.0,64.0,30.7,0.33,0.809,1.4,1.8,0.6,0.7,1.5,2.0,80.0,25.0,0.325,0.8,1.2,0.7,0.6,0.6,1.4,0.0,0.0,0.0,0.0,0.0,0.0,0.0,0.0,0.0,0.0,0.0,0.0,0.0,0.0
Jarrett Allen\allenja01,C,21.0,70.0,64.0,26.5,0.0,0.633,3.1,1.6,0.6,1.3,1.1,2.3,80.0,80.0,0.133,2.4,1.4,0.5,1.5,1.3,2.3,72.0,31.0,0.333,2.0,0.7,0.4,1.2,1.1,2.0,0.0,0.0,0.0,0.0,0.0
OG Anunoby\anunoog01,SF,22.0,69.0,68.0,29.9,0.39,0.706,1.2,1.6,1.4,0.7,1.1,2.4,67.0,6.0,0.332,0.9,0.7,0.7,0.3,0.8,2.1,74.0,62.0,0.371,0.6,0.7,0.7,0.2,0.6,1.8,0.0,0.0,0.0,0.0,0.0
Tyler Herro\herroty01,SG,20.0,55.0,8.0,27.4,0.389,0.87,0.3,2.2,0.6,0.2,1.6,1.4,0.0,0.0,0.0,0.0,0.0,0.0,0.0,0.0,0.0,0.0,0.0,0.0,0.0,0.0,0.0,0.0,0.0,0.0,0.0,0.0,0.0,0.0,0.0
Stanley Johnson\johnsst04,PF,23.0,25.0,0.0,6.0,0.292,0.563,0.3,0.8,0.2,0.2,0.6,0.6,66.0,7.0,0.28800000000000003,0.5,1.3,0.9,0.2,1.2,1.7,69.0,50.0,0.28600000000000003,0.5,1.6,1.4,0.2,1.1,2.4,1.0,0.292,1.4,0.7,0.3
Jake Layman\laymaja01,SF,25.0,23.0,2.0,22.0,0.333,0.75,0.7,0.7,0.7,0.4,1.0,2.0,71.0,33.0,0.326,0.8,0.7,0.4,0.4,0.6,1.6,35.0,1.0,0.2,0.1,0.3,0.2,0.1,0.1,0.4,1.0,0.255,0.3,0.3,0.1
Jerome Robinson\robinje01,SG,22.0,63.0,6.0,15.5,0.32,0.7020000000000001,0.2,1.4,0.4,0.3,0.8,1.8,33.0,0.0,0.316,0.1,0.6,0.3,0.1,0.4,1.4,0.0,0.0,0.0,0.0,0.0,0.0,0.0,0.0,0.0,0.0,0.0,0.0,0.0,0.0
Danuel House\houseda01,SF,26.0,63.0,52.0,30.4,0.363,0.8109999999999999,0.9,1.3,1.1,0.5,0.9,2.1,39.0,13.0,0.416,0.6,1.0,0.5,0.3,0.9,2.1,23.0,3.0,0.259,0.6,1.1,0.3,0.3,0.5,1.0,0.0,0.0,0.0,0.0,0.0
Romeo Langford\langfro01,SG,20.0,32.0,2.0,11.6,0.185,0.72,0.5,0.4,0.3,0.3,0.3,1.0,0.0,0.0,0.0,0.0,0.0,0.0,0.0,0.0,0.0,0.0,0.0,0.0,0.0,0.0,0.0,0.0,0.0,0.0,0.0,0.0,0.0,0.0,0.0
Bobby Portis\portibo01,PF,24.0,66.0,5.0,21.1,0.358,0.763,1.2,1.5,0.5,0.3,1.1,1.7,50.0,28.0,0.393,2.2,1.4,0.7,0.4,1.5,2.9,73.0,4.0,0.359,2.2,1.7,0.7,0.3,1.4,1.8,13.0,0.333,0.5,0.3,0.2
Maurice Harkless\harklma01,PF-SF,26.0,62.0,48.0,23.0,0.34700000000000003,0.591,0.9,1.1,0.9,0.5,0.9,2.4,60.0,53.0,0.275,1.3,1.2,1.1,0.9,0.8,2.7,59.0,36.0,0.415,0.8,0.9,0.8,0.7,0.7,1.7,69.0,0.35100000000000003,1.1,1.1,0.9
Wesley Matthews\matthwe02,SG,33.0,67.0,67.0,24.4,0.364,0.765,0.3,1.4,0.6,0.1,0.6,1.5,69.0,68.0,0.3720000000000001,0.5,2.3,0.8,0.2,1.3,2.3,63.0,62.0,0.381,0.4,2.7,1.2,0.3,1.3,2.2,73.0,0.363,2.9,1.1,0.2
Kyle Kuzma\kuzmaky01,PF,24.0,61.0,9.0,25.0,0.316,0.735,0.9,1.3,0.5,0.4,1.5,2.1,70.0,68.0,0.303,0.9,2.5,0.6,0.4,1.9,2.4,77.0,37.0,0.366,1.1,1.8,0.6,0.4,1.8,2.1,0.0,0.0,0.0,0.0,0.0
Michael Porter Jr.\portemi01,SF,21.0,55.0,8.0,16.4,0.422,0.833,1.2,0.8,0.5,0.5,0.9,1.8,0.0,0.0,0.0,0.0,0.0,0.0,0.0,0.0,0.0,0.0,0.0,0.0,0.0,0.0,0.0,0.0,0.0,0.0,0.0,0.0,0.0,0.0,0.0
Jevon Carter\carteje01,PG,24.0,58.0,2.0,16.3,0.425,0.852,0.5,1.4,0.8,0.3,0.6,1.5,39.0,3.0,0.333,0.4,1.8,0.7,0.3,0.8,1.4,0.0,0.0,0.0,0.0,0.0,0.0,0.0,0.0,0.0,0.0,0.0,0.0,0.0,0.0
Tony Bradley\bradlto01,C,22.0,58.0,3.0,11.4,1.0,0.652,1.9,0.4,0.2,0.6,0.5,2.0,3.0,0.0,0.0,3.0,0.3,0.7,0.7,1.0,2.0,9.0,0.0,0.0,0.4,0.1,0.0,0.0,0.0,0.1,0.0,0.0,0.0,0.0,0.0
Derrick White\whitede01,SG,25.0,68.0,20.0,24.7,0.366,0.853,0.5,3.5,0.6,0.9,1.3,2.2,67.0,55.0,0.338,0.5,3.9,1.0,0.7,1.4,2.2,17.0,0.0,0.615,0.3,0.5,0.2,0.2,0.4,0.5,0.0,0.0,0.0,0.0,0.0
Mirza Teletović\teletmi01,PF,34.0,0.0,0.0,0.0,0.0,0.0,0.0,0.0,0.0,0.0,0.0,0.0,0.0,0.0,0.0,0.0,0.0,0.0,0.0,0.0,0.0,10.0,0.0,0.467,0.3,1.0,0.4,0.1,0.7,1.4,0.0,0.0,0.0,0.0,0.0
Boban Marjanović\marjabo01,C,31.0,44.0,5.0,9.6,0.235,0.754,1.5,0.5,0.2,0.2,0.7,1.3,58.0,12.0,0.4,1.5,0.9,0.3,0.5,1.0,1.6,39.0,1.0,0.0,1.2,0.6,0.3,0.3,0.9,1.3,0.0,0.0,0.0,0.0,0.0
T.J. McConnell\mccontj01,PG,27.0,71.0,3.0,18.7,0.294,0.833,0.5,5.0,0.8,0.2,1.4,1.0,76.0,3.0,0.333,0.4,3.4,1.0,0.2,1.2,1.4,76.0,1.0,0.435,0.5,4.0,1.2,0.2,1.5,1.6,51.0,0.2,6.6,1.7,0.1
Josh Hart\hartjo01,SF,24.0,65.0,16.0,27.0,0.342,0.7390000000000001,0.9,1.7,1.0,0.4,1.2,2.5,67.0,22.0,0.336,0.5,1.4,1.0,0.6,0.9,2.2,63.0,23.0,0.396,0.7,1.3,0.7,0.3,0.7,1.7,0.0,0.0,0.0,0.0,0.0
Sekou Doumbouya\doumbse01,PF,19.0,38.0,19.0,19.8,0.28600000000000003,0.674,0.5,0.5,0.5,0.2,0.9,2.1,0.0,0.0,0.0,0.0,0.0,0.0,0.0,0.0,0.0,0.0,0.0,0.0,0.0,0.0,0.0,0.0,0.0,0.0,0.0,0.0,0.0,0.0,0.0
Troy Brown Jr.\browntr01,SF,20.0,69.0,22.0,25.8,0.341,0.784,1.1,2.6,1.2,0.1,1.1,1.9,52.0,10.0,0.319,0.7,1.5,0.4,0.1,0.6,1.1,0.0,0.0,0.0,0.0,0.0,0.0,0.0,0.0,0.0,0.0,0.0,0.0,0.0,0.0
James Ennis\ennisja01,SF-SG,29.0,69.0,18.0,18.3,0.325,0.8059999999999999,1.0,0.9,0.5,0.3,0.8,2.0,58.0,27.0,0.353,1.0,0.7,0.7,0.4,0.6,2.6,72.0,22.0,0.333,1.0,1.0,0.7,0.3,0.8,1.9,28.0,0.3720000000000001,1.0,0.7,0.3
Zhaire Smith\smithzh01,SF,20.0,7.0,0.0,4.6,0.0,0.5,0.0,0.3,0.4,0.0,0.3,0.6,6.0,2.0,0.375,0.5,1.7,0.3,0.3,1.0,1.3,0.0,0.0,0.0,0.0,0.0,0.0,0.0,0.0,0.0,0.0,0.0,0.0,0.0,0.0
Trey Burke\burketr01,PG,27.0,33.0,1.0,15.8,0.4270000000000001,0.7929999999999999,0.5,2.5,0.5,0.1,0.6,1.0,58.0,8.0,0.35200000000000004,0.5,2.7,0.6,0.1,0.8,1.0,36.0,9.0,0.362,0.4,4.7,0.7,0.1,1.2,1.2,0.0,0.443,1.8,0.2,0.1
Austin Rivers\riverau01,SG,27.0,68.0,4.0,23.4,0.35600000000000004,0.703,0.4,1.7,0.7,0.1,0.7,1.9,76.0,15.0,0.318,0.3,2.2,0.6,0.3,0.9,2.7,61.0,59.0,0.378,0.4,4.0,1.2,0.3,1.8,2.5,29.0,0.371,2.8,0.6,0.1
Jon Leuer\leuerjo01,PF,30.0,0.0,0.0,0.0,0.0,0.0,0.0,0.0,0.0,0.0,0.0,0.0,41.0,1.0,0.091,0.7,0.3,0.3,0.1,0.6,1.5,8.0,0.0,0.0,0.9,0.6,0.1,0.4,0.9,2.0,34.0,0.293,1.5,0.4,0.3
Nickeil Alexander-Walker\alexani01,SG,21.0,47.0,1.0,12.6,0.34600000000000003,0.6759999999999999,0.2,1.9,0.4,0.2,1.1,1.2,0.0,0.0,0.0,0.0,0.0,0.0,0.0,0.0,0.0,0.0,0.0,0.0,0.0,0.0,0.0,0.0,0.0,0.0,0.0,0.0,0.0,0.0,0.0
Donte DiVincenzo\divindo01,SG,23.0,66.0,24.0,23.0,0.336,0.733,1.0,2.3,1.3,0.3,1.4,1.7,27.0,0.0,0.265,0.6,1.1,0.5,0.2,0.7,1.4,0.0,0.0,0.0,0.0,0.0,0.0,0.0,0.0,0.0,0.0,0.0,0.0,0.0,0.0
Michael Carter-Williams\cartemi01,SG,28.0,45.0,0.0,18.5,0.293,0.8320000000000001,1.0,2.4,1.1,0.5,1.2,1.9,28.0,1.0,0.263,0.7,2.5,0.7,0.5,0.7,1.7,52.0,2.0,0.237,0.7,2.2,0.8,0.4,1.0,1.9,19.0,0.234,2.5,0.8,0.5
Khem Birch\birchkh01,C,27.0,48.0,24.0,19.2,0.0,0.653,1.9,1.0,0.4,0.5,0.6,1.9,50.0,1.0,0.0,1.6,0.8,0.4,0.6,0.4,1.4,42.0,0.0,0.0,1.7,0.8,0.4,0.5,0.5,1.3,0.0,0.0,0.0,0.0,0.0
Ryan Arcidiacono\arcidry01,PG,25.0,58.0,4.0,16.0,0.391,0.711,0.3,1.7,0.5,0.1,0.6,1.7,81.0,32.0,0.373,0.3,3.3,0.8,0.0,0.8,2.1,24.0,0.0,0.29,0.0,1.5,0.5,0.0,0.5,0.8,0.0,0.0,0.0,0.0,0.0
Goga Bitadze\bitadgo01,C,20.0,54.0,2.0,8.7,0.19,0.727,0.5,0.4,0.2,0.7,0.5,1.2,0.0,0.0,0.0,0.0,0.0,0.0,0.0,0.0,0.0,0.0,0.0,0.0,0.0,0.0,0.0,0.0,0.0,0.0,0.0,0.0,0.0,0.0,0.0
Lonnie Walker\walkelo01,SG,21.0,61.0,12.0,16.2,0.406,0.721,0.4,1.1,0.5,0.2,0.7,1.3,17.0,0.0,0.385,0.0,0.5,0.4,0.2,0.2,0.4,0.0,0.0,0.0,0.0,0.0,0.0,0.0,0.0,0.0,0.0,0.0,0.0,0.0,0.0
Dewayne Dedmon\dedmode01,C,30.0,44.0,18.0,17.6,0.206,0.833,1.4,0.5,0.6,0.9,1.3,3.0,64.0,52.0,0.382,1.6,1.4,1.1,1.1,1.3,3.3,62.0,46.0,0.355,1.6,1.5,0.6,0.8,1.4,2.6,37.0,0.0,0.6,0.5,0.8
Andrew Nicholson\nichoan01,PF,0.0,0.0,0.0,0.0,0.0,0.0,0.0,0.0,0.0,0.0,0.0,0.0,0.0,0.0,0.0,0.0,0.0,0.0,0.0,0.0,0.0,0.0,0.0,0.0,0.0,0.0,0.0,0.0,0.0,0.0,0.0,0.185,0.3,0.4,0.2
Luka Šamanić\samanlu01,PF,20.0,3.0,1.0,16.0,0.375,0.75,0.3,2.0,0.0,0.7,0.7,2.0,0.0,0.0,0.0,0.0,0.0,0.0,0.0,0.0,0.0,0.0,0.0,0.0,0.0,0.0,0.0,0.0,0.0,0.0,0.0,0.0,0.0,0.0,0.0
Kevin Huerter\huertke01,SG,21.0,56.0,48.0,31.4,0.38,0.828,0.6,3.8,0.9,0.5,1.6,2.5,75.0,59.0,0.385,0.8,2.9,0.9,0.3,1.5,2.1,0.0,0.0,0.0,0.0,0.0,0.0,0.0,0.0,0.0,0.0,0.0,0.0,0.0,0.0
Alex Caruso\carusal01,PG,25.0,64.0,2.0,18.4,0.333,0.7340000000000001,0.3,1.9,1.1,0.3,0.8,1.5,25.0,4.0,0.48,0.8,3.1,1.0,0.4,1.7,2.2,37.0,7.0,0.302,0.4,2.0,0.6,0.3,1.1,1.4,0.0,0.0,0.0,0.0,0.0
Marko Guduric\gudurma01,SG,24.0,44.0,0.0,11.0,0.301,0.923,0.3,1.0,0.3,0.2,0.8,0.8,0.0,0.0,0.0,0.0,0.0,0.0,0.0,0.0,0.0,0.0,0.0,0.0,0.0,0.0,0.0,0.0,0.0,0.0,0.0,0.0,0.0,0.0,0.0
Matisse Thybulle\thybuma01,SG,22.0,65.0,14.0,19.8,0.35700000000000004,0.61,0.7,1.2,1.4,0.7,0.8,2.2,0.0,0.0,0.0,0.0,0.0,0.0,0.0,0.0,0.0,0.0,0.0,0.0,0.0,0.0,0.0,0.0,0.0,0.0,0.0,0.0,0.0,0.0,0.0
Josh Okogie\okogijo01,SG,21.0,62.0,28.0,25.0,0.266,0.7959999999999999,1.4,1.6,1.1,0.4,1.4,2.2,74.0,52.0,0.279,0.6,1.2,1.2,0.4,0.9,2.2,0.0,0.0,0.0,0.0,0.0,0.0,0.0,0.0,0.0,0.0,0.0,0.0,0.0,0.0
Rajon Rondo\rondora01,PG,33.0,48.0,3.0,20.5,0.328,0.659,0.5,5.0,0.8,0.0,1.9,1.2,46.0,29.0,0.359,0.7,8.0,1.2,0.2,2.8,2.2,65.0,63.0,0.333,0.5,8.2,1.1,0.2,2.3,1.8,42.0,0.376,6.7,1.4,0.2
Vincent Poirier\poirivi01,C,26.0,22.0,0.0,5.9,0.5,0.857,0.6,0.4,0.1,0.4,0.4,1.1,0.0,0.0,0.0,0.0,0.0,0.0,0.0,0.0,0.0,0.0,0.0,0.0,0.0,0.0,0.0,0.0,0.0,0.0,0.0,0.0,0.0,0.0,0.0
Brandon Clarke\clarkbr01,PF,23.0,58.0,4.0,22.4,0.359,0.759,1.6,1.4,0.6,0.8,0.9,1.7,0.0,0.0,0.0,0.0,0.0,0.0,0.0,0.0,0.0,0.0,0.0,0.0,0.0,0.0,0.0,0.0,0.0,0.0,0.0,0.0,0.0,0.0,0.0
Marc Gasol\gasolma01,C,35.0,44.0,43.0,26.4,0.385,0.735,0.7,3.3,0.8,0.9,1.3,2.8,79.0,72.0,0.363,1.0,4.4,1.1,1.1,2.0,2.7,73.0,73.0,0.341,1.1,4.2,0.7,1.4,2.7,2.5,74.0,0.388,4.6,0.9,1.3
Udonis Haslem\hasleud01,C,39.0,4.0,1.0,11.0,0.333,0.75,0.3,0.3,0.0,0.0,0.3,1.5,10.0,1.0,0.0,0.3,0.2,0.0,0.0,0.3,0.9,14.0,0.0,0.125,0.2,0.4,0.0,0.1,0.1,0.2,0.0,0.0,0.4,0.4,0.1
Jared Dudley\dudleja01,PF,34.0,45.0,1.0,8.1,0.429,1.0,0.1,0.6,0.3,0.1,0.2,0.9,59.0,25.0,0.35100000000000003,0.6,1.4,0.6,0.3,0.7,2.2,48.0,0.0,0.363,0.2,1.6,0.5,0.2,0.6,1.8,7.0,0.379,1.9,0.7,0.3
J.J. Barea\bareajo01,PG,35.0,29.0,6.0,15.5,0.376,0.909,0.3,3.9,0.2,0.1,1.3,0.9,38.0,0.0,0.297,0.3,5.6,0.6,0.0,1.9,1.3,69.0,10.0,0.3670000000000001,0.2,6.3,0.5,0.0,2.1,1.2,6.0,0.358,5.5,0.4,0.0
Dwight Howard\howardw01,C,34.0,69.0,2.0,18.9,0.6,0.514,2.5,0.7,0.4,1.1,1.2,3.2,9.0,9.0,0.0,2.7,0.4,0.8,0.4,1.8,3.8,81.0,81.0,0.14300000000000002,3.1,1.3,0.6,1.6,2.6,3.1,74.0,0.0,1.4,0.9,1.2
Nicolas Batum\batumni01,SF,31.0,22.0,3.0,23.0,0.28600000000000003,0.9,1.1,3.0,0.8,0.4,1.0,1.9,75.0,72.0,0.389,0.9,3.3,0.9,0.6,1.6,1.9,64.0,64.0,0.336,0.9,5.5,1.0,0.4,2.0,1.1,77.0,0.333,5.9,1.1,0.4
Jeff Green\greenje02,PF-C,33.0,48.0,4.0,20.0,0.339,0.802,0.5,1.0,0.5,0.4,0.9,1.9,77.0,44.0,0.34700000000000003,0.7,1.8,0.6,0.5,1.3,2.1,78.0,13.0,0.312,0.8,1.3,0.5,0.4,1.0,1.9,11.0,0.275,1.2,0.5,0.2
Jeff Teague\teaguje01,PG,31.0,59.0,17.0,24.8,0.368,0.873,0.5,5.2,0.7,0.3,2.0,1.8,42.0,41.0,0.333,0.4,8.2,1.0,0.4,2.3,2.1,70.0,70.0,0.368,0.3,7.0,1.5,0.3,2.5,2.4,82.0,0.35700000000000004,7.8,1.2,0.4
Gerald Green\greenge01,SG,34.0,0.0,0.0,0.0,0.0,0.0,0.0,0.0,0.0,0.0,0.0,0.0,73.0,0.0,0.354,0.4,0.5,0.5,0.4,0.8,1.7,41.0,2.0,0.369,0.4,0.6,0.6,0.4,0.8,2.1,0.0,0.35100000000000003,0.7,0.2,0.1
Grayson Allen\allengr01,SG,24.0,38.0,0.0,18.9,0.404,0.867,0.2,1.4,0.3,0.1,0.9,1.4,38.0,2.0,0.32299999999999995,0.1,0.7,0.2,0.2,0.9,1.2,0.0,0.0,0.0,0.0,0.0,0.0,0.0,0.0,0.0,0.0,0.0,0.0,0.0,0.0
Grant Williams\willigr01,PF,21.0,69.0,5.0,15.1,0.25,0.722,0.9,1.0,0.4,0.5,0.7,2.4,0.0,0.0,0.0,0.0,0.0,0.0,0.0,0.0,0.0,0.0,0.0,0.0,0.0,0.0,0.0,0.0,0.0,0.0,0.0,0.0,0.0,0.0,0.0
Chandler Hutchison\hutchch01,SF,23.0,28.0,10.0,18.8,0.316,0.59,0.6,0.9,1.0,0.3,1.0,1.7,44.0,14.0,0.28,0.7,0.8,0.5,0.1,0.6,1.3,0.0,0.0,0.0,0.0,0.0,0.0,0.0,0.0,0.0,0.0,0.0,0.0,0.0,0.0
Tyler Zeller\zellety01,C,30.0,2.0,0.0,2.0,0.0,0.0,1.5,0.0,0.0,0.0,0.0,0.0,6.0,1.0,0.0,1.8,0.7,0.2,0.5,0.7,3.3,66.0,34.0,0.35700000000000004,1.7,0.7,0.2,0.5,0.7,1.9,5.0,0.0,0.8,0.1,0.4
Darius Bazley\bazleda01,PF,19.0,61.0,9.0,18.5,0.348,0.6940000000000001,0.5,0.7,0.4,0.7,0.7,0.9,0.0,0.0,0.0,0.0,0.0,0.0,0.0,0.0,0.0,0.0,0.0,0.0,0.0,0.0,0.0,0.0,0.0,0.0,0.0,0.0,0.0,0.0,0.0
Aaron Holiday\holidaa01,PG,23.0,66.0,33.0,24.5,0.394,0.851,0.3,3.4,0.8,0.2,1.3,1.8,50.0,0.0,0.339,0.1,1.7,0.4,0.3,0.8,1.4,0.0,0.0,0.0,0.0,0.0,0.0,0.0,0.0,0.0,0.0,0.0,0.0,0.0,0.0
Bryn Forbes\forbebr01,SG,26.0,63.0,62.0,25.1,0.388,0.833,0.2,1.7,0.5,0.0,0.9,1.8,82.0,81.0,0.426,0.2,2.1,0.5,0.0,1.0,1.9,80.0,12.0,0.39,0.2,1.0,0.4,0.0,0.5,1.4,0.0,0.321,0.6,0.0,0.0
Bismack Biyombo\biyombi01,C,27.0,53.0,29.0,19.4,0.0,0.603,2.3,0.9,0.2,0.9,0.9,2.2,54.0,32.0,0.0,1.5,0.6,0.2,0.8,0.6,1.9,82.0,25.0,0.0,1.8,0.8,0.3,1.2,1.0,1.9,27.0,0.0,0.9,0.3,1.1
Markieff Morris\morrima02,PF,30.0,58.0,17.0,20.5,0.386,0.7759999999999999,0.7,1.3,0.5,0.3,1.3,2.3,58.0,16.0,0.335,1.1,1.4,0.6,0.4,0.9,3.0,73.0,73.0,0.3670000000000001,1.0,1.9,0.8,0.5,1.7,3.0,76.0,0.362,1.7,1.1,0.6
Reggie Jackson\jacksre01,SG-PG,29.0,31.0,16.0,24.0,0.393,0.833,0.5,4.1,0.4,0.2,1.6,1.9,82.0,82.0,0.369,0.5,4.2,0.7,0.1,1.8,2.5,45.0,45.0,0.308,0.6,5.3,0.6,0.1,2.2,1.9,50.0,0.359,5.2,0.7,0.1
E'Twaun Moore\mooreet01,SG,30.0,56.0,6.0,18.2,0.377,0.6890000000000001,0.6,1.4,0.6,0.2,0.7,1.4,53.0,36.0,0.4320000000000001,0.7,1.9,0.8,0.2,1.1,2.1,82.0,80.0,0.425,0.7,2.3,1.0,0.1,1.2,2.2,22.0,0.37,2.2,0.7,0.4
DeMarcus Cousins\couside01,C,29.0,0.0,0.0,0.0,0.0,0.0,0.0,0.0,0.0,0.0,0.0,0.0,30.0,30.0,0.274,1.4,3.6,1.3,1.5,2.4,3.6,48.0,48.0,0.354,2.2,5.4,1.6,1.6,5.0,3.8,72.0,0.361,4.6,1.4,1.3
Hassan Whiteside\whiteha01,C,30.0,67.0,61.0,30.0,0.5710000000000001,0.6859999999999999,3.9,1.2,0.4,2.9,1.8,2.9,72.0,53.0,0.125,3.6,0.8,0.6,1.9,1.3,2.7,54.0,54.0,1.0,3.2,1.0,0.7,1.7,1.7,2.4,77.0,0.0,0.7,0.7,2.1
Kent Bazemore\bazemke01,SF,30.0,68.0,21.0,24.8,0.344,0.769,0.4,1.4,1.1,0.6,1.3,2.9,67.0,35.0,0.32,0.6,2.3,1.3,0.6,1.8,2.5,65.0,65.0,0.394,0.4,3.5,1.5,0.7,2.4,2.3,64.0,0.34600000000000003,2.4,1.2,0.7
Alex Len\lenal01,C,26.0,55.0,12.0,17.6,0.271,0.648,1.8,0.9,0.4,0.9,1.0,2.3,77.0,31.0,0.363,2.1,1.1,0.4,0.9,1.3,2.6,69.0,13.0,0.333,2.5,1.2,0.4,0.9,1.1,2.3,34.0,0.25,0.6,0.5,1.3
Luke Kornet\kornelu01,C,24.0,36.0,14.0,15.5,0.287,0.7140000000000001,0.6,0.9,0.3,0.7,0.4,1.5,46.0,18.0,0.363,0.6,1.2,0.6,0.9,0.5,0.9,20.0,1.0,0.354,0.6,1.3,0.3,0.8,0.6,1.4,0.0,0.0,0.0,0.0,0.0
Ty Jerome\jeromty01,SG,22.0,31.0,0.0,10.6,0.28,0.75,0.2,1.4,0.5,0.1,0.6,0.9,0.0,0.0,0.0,0.0,0.0,0.0,0.0,0.0,0.0,0.0,0.0,0.0,0.0,0.0,0.0,0.0,0.0,0.0,0.0,0.0,0.0,0.0,0.0
Mike Muscala\muscami01,C,28.0,47.0,2.0,12.2,0.378,0.818,0.3,0.9,0.2,0.3,0.4,1.2,64.0,10.0,0.348,0.9,1.2,0.3,0.6,0.8,2.0,53.0,7.0,0.371,1.1,1.0,0.6,0.5,0.8,1.5,3.0,0.418,1.4,0.4,0.6
Ben McLemore\mclembe01,SF,26.0,71.0,23.0,22.8,0.4,0.746,0.3,0.8,0.6,0.2,0.7,2.2,19.0,0.0,0.415,0.2,0.2,0.3,0.2,0.3,1.2,56.0,17.0,0.34600000000000003,0.6,0.9,0.7,0.3,1.1,2.5,26.0,0.382,0.8,0.5,0.1
Anfernee Simons\simonan01,SG,20.0,70.0,4.0,20.7,0.332,0.826,0.4,1.4,0.4,0.1,0.9,1.9,20.0,1.0,0.345,0.2,0.7,0.1,0.0,0.6,0.5,0.0,0.0,0.0,0.0,0.0,0.0,0.0,0.0,0.0,0.0,0.0,0.0,0.0,0.0
Brad Wanamaker\wanambr01,PG,30.0,71.0,1.0,19.3,0.363,0.926,0.3,2.5,0.9,0.2,1.1,1.9,36.0,0.0,0.41,0.1,1.6,0.3,0.1,0.5,0.9,0.0,0.0,0.0,0.0,0.0,0.0,0.0,0.0,0.0,0.0,0.0,0.0,0.0,0.0
Monta Ellis\ellismo01,SG,0.0,0.0,0.0,0.0,0.0,0.0,0.0,0.0,0.0,0.0,0.0,0.0,0.0,0.0,0.0,0.0,0.0,0.0,0.0,0.0,0.0,0.0,0.0,0.0,0.0,0.0,0.0,0.0,0.0,0.0,33.0,0.319,3.2,1.1,0.4
Nassir Little\littlna01,PF,19.0,48.0,5.0,11.9,0.237,0.636,0.6,0.5,0.3,0.3,0.3,1.5,0.0,0.0,0.0,0.0,0.0,0.0,0.0,0.0,0.0,0.0,0.0,0.0,0.0,0.0,0.0,0.0,0.0,0.0,0.0,0.0,0.0,0.0,0.0
Matthew Dellavedova\dellama01,PG,29.0,57.0,4.0,14.4,0.231,0.865,0.3,3.2,0.4,0.0,1.0,1.4,48.0,0.0,0.338,0.1,3.8,0.3,0.0,1.4,1.6,38.0,3.0,0.3720000000000001,0.4,3.8,0.4,0.0,1.3,1.8,54.0,0.3670000000000001,4.7,0.7,0.0
Solomon Hill\hillso01,PF,28.0,59.0,4.0,18.4,0.368,0.741,0.5,1.8,0.7,0.2,0.9,1.4,44.0,15.0,0.317,0.8,1.3,0.5,0.2,0.7,1.8,12.0,1.0,0.19,0.8,1.8,0.6,0.1,0.8,1.8,71.0,0.348,1.8,0.9,0.4
Moritz Wagner\wagnemo01,C,22.0,45.0,5.0,18.6,0.313,0.821,1.2,1.2,0.6,0.4,1.5,3.4,43.0,5.0,0.28600000000000003,0.4,0.6,0.3,0.3,0.9,1.3,0.0,0.0,0.0,0.0,0.0,0.0,0.0,0.0,0.0,0.0,0.0,0.0,0.0,0.0
Edmond Sumner\sumneed01,SG,24.0,31.0,3.0,14.4,0.264,0.552,0.4,1.8,0.5,0.3,0.7,1.4,23.0,2.0,0.259,0.4,0.4,0.5,0.2,0.4,1.1,1.0,0.0,0.0,0.0,0.0,0.0,0.0,0.0,1.0,0.0,0.0,0.0,0.0,0.0
John Konchar\konchjo01,SG,23.0,19.0,0.0,9.5,0.5,0.5,0.9,1.2,0.4,0.2,0.4,0.4,0.0,0.0,0.0,0.0,0.0,0.0,0.0,0.0,0.0,0.0,0.0,0.0,0.0,0.0,0.0,0.0,0.0,0.0,0.0,0.0,0.0,0.0,0.0
Landry Shamet\shamela01,SG,22.0,53.0,30.0,27.4,0.375,0.855,0.1,1.9,0.4,0.2,0.8,2.7,79.0,27.0,0.422,0.3,1.5,0.5,0.1,0.6,2.0,0.0,0.0,0.0,0.0,0.0,0.0,0.0,0.0,0.0,0.0,0.0,0.0,0.0,0.0
Mfiondu Kabengele\kabenmf01,C,22.0,12.0,0.0,5.3,0.45,1.0,0.1,0.2,0.2,0.2,0.2,0.8,0.0,0.0,0.0,0.0,0.0,0.0,0.0,0.0,0.0,0.0,0.0,0.0,0.0,0.0,0.0,0.0,0.0,0.0,0.0,0.0,0.0,0.0,0.0
Jordan Poole\poolejo01,SG,20.0,57.0,14.0,22.4,0.279,0.7979999999999999,0.2,2.4,0.6,0.2,1.3,1.6,0.0,0.0,0.0,0.0,0.0,0.0,0.0,0.0,0.0,0.0,0.0,0.0,0.0,0.0,0.0,0.0,0.0,0.0,0.0,0.0,0.0,0.0,0.0
Bol Bol\bolbo01,PF,20.0,7.0,0.0,12.4,0.444,0.8,0.7,0.9,0.3,0.9,1.4,1.6,0.0,0.0,0.0,0.0,0.0,0.0,0.0,0.0,0.0,0.0,0.0,0.0,0.0,0.0,0.0,0.0,0.0,0.0,0.0,0.0,0.0,0.0,0.0
Keldon Johnson\johnske04,SF,20.0,17.0,1.0,17.7,0.591,0.795,0.6,0.9,0.8,0.1,0.8,1.6,0.0,0.0,0.0,0.0,0.0,0.0,0.0,0.0,0.0,0.0,0.0,0.0,0.0,0.0,0.0,0.0,0.0,0.0,0.0,0.0,0.0,0.0,0.0
Kevin Porter Jr.\porteke02,SF,19.0,50.0,3.0,23.2,0.335,0.723,0.4,2.2,0.9,0.3,1.9,2.7,0.0,0.0,0.0,0.0,0.0,0.0,0.0,0.0,0.0,0.0,0.0,0.0,0.0,0.0,0.0,0.0,0.0,0.0,0.0,0.0,0.0,0.0,0.0
Robert Williams\williro04,C,22.0,29.0,1.0,13.4,0.0,0.647,1.4,0.9,0.8,1.2,0.7,1.8,32.0,2.0,0.0,0.8,0.2,0.3,1.3,0.3,1.1,0.0,0.0,0.0,0.0,0.0,0.0,0.0,0.0,0.0,0.0,0.0,0.0,0.0,0.0
Tyler Johnson\johnsty01,PG-SG,27.0,39.0,7.0,18.2,0.319,0.84,0.5,1.9,0.4,0.2,0.7,1.5,57.0,22.0,0.34600000000000003,0.6,2.9,0.9,0.5,1.4,1.7,72.0,39.0,0.3670000000000001,0.5,2.3,0.8,0.5,1.1,2.1,0.0,0.3720000000000001,3.2,1.2,0.6
Glenn Robinson III\robingl02,SF,26.0,62.0,52.0,28.8,0.391,0.86,1.3,1.5,0.9,0.3,0.9,1.6,47.0,18.0,0.29,0.4,0.4,0.3,0.2,0.4,1.0,23.0,1.0,0.412,0.5,0.7,0.6,0.0,0.2,0.6,27.0,0.392,0.7,0.6,0.3
Langston Galloway\gallola01,SG,28.0,66.0,6.0,25.8,0.399,0.8590000000000001,0.5,1.5,0.7,0.2,0.6,1.5,80.0,4.0,0.355,0.6,1.1,0.5,0.1,0.3,1.7,58.0,2.0,0.344,0.2,1.0,0.6,0.1,0.3,0.7,2.0,0.39,1.3,0.6,0.1
Nik Stauskas\stausni01,SG,26.0,0.0,0.0,0.0,0.0,0.0,0.0,0.0,0.0,0.0,0.0,0.0,68.0,0.0,0.3720000000000001,0.3,1.2,0.3,0.1,0.8,0.7,41.0,0.0,0.4,0.1,1.0,0.2,0.1,0.6,0.6,27.0,0.368,2.4,0.6,0.4
Bruno Caboclo\cabocbr01,C,24.0,30.0,0.0,8.1,0.182,0.889,0.8,0.4,0.5,0.6,0.4,1.0,34.0,19.0,0.369,1.2,1.5,0.4,1.0,1.1,2.4,12.0,0.0,0.17600000000000002,0.6,0.3,0.3,0.3,0.3,0.7,0.0,0.333,0.4,0.2,0.1
Noah Vonleh\vonleno01,C,24.0,36.0,1.0,10.5,0.2,0.7809999999999999,1.0,0.8,0.3,0.2,0.6,1.1,68.0,57.0,0.336,1.7,1.9,0.7,0.8,1.3,2.6,54.0,16.0,0.303,1.3,0.6,0.4,0.3,0.6,1.3,41.0,0.35,0.4,0.4,0.4
Jacob Evans\evansja02,SG,22.0,29.0,1.0,14.4,0.333,0.862,0.3,1.1,0.4,0.4,0.9,1.4,30.0,1.0,0.267,0.2,0.8,0.2,0.1,0.4,0.9,0.0,0.0,0.0,0.0,0.0,0.0,0.0,0.0,0.0,0.0,0.0,0.0,0.0,0.0
Džanan Musa\musadz01,SF,20.0,40.0,0.0,12.2,0.244,0.75,0.5,1.1,0.4,0.0,0.9,0.8,9.0,0.0,0.1,0.1,0.2,0.2,0.0,0.4,0.1,0.0,0.0,0.0,0.0,0.0,0.0,0.0,0.0,0.0,0.0,0.0,0.0,0.0,0.0
Kenrich Williams\willike04,PF,25.0,39.0,18.0,21.3,0.258,0.34600000000000003,1.3,1.5,0.7,0.5,0.6,2.3,46.0,29.0,0.333,1.2,1.8,1.0,0.4,0.8,2.1,0.0,0.0,0.0,0.0,0.0,0.0,0.0,0.0,0.0,0.0,0.0,0.0,0.0,0.0
Damyean Dotson\dotsoda01,SG,25.0,48.0,0.0,17.4,0.362,0.667,0.2,1.2,0.5,0.1,0.4,0.9,73.0,40.0,0.368,0.5,1.8,0.8,0.1,1.0,1.8,44.0,2.0,0.324,0.2,0.7,0.3,0.0,0.4,0.8,0.0,0.0,0.0,0.0,0.0
Omari Spellman\spellom01,C,22.0,49.0,3.0,18.1,0.391,0.7929999999999999,1.6,1.0,0.7,0.5,1.1,1.3,46.0,11.0,0.344,1.6,1.0,0.6,0.5,0.7,1.5,0.0,0.0,0.0,0.0,0.0,0.0,0.0,0.0,0.0,0.0,0.0,0.0,0.0,0.0
Cameron Payne\payneca01,SG,25.0,8.0,0.0,22.9,0.517,0.857,0.5,3.0,1.0,0.3,1.4,2.5,40.0,13.0,0.298,0.3,2.7,0.7,0.2,1.1,1.6,25.0,14.0,0.385,0.7,4.5,1.0,0.4,1.4,1.8,0.0,0.314,1.8,0.5,0.1
Gary Clark\clarkga01,SF-PF,25.0,42.0,5.0,13.5,0.35100000000000003,0.9,0.9,0.4,0.1,0.5,0.2,1.1,51.0,2.0,0.297,0.5,0.4,0.4,0.5,0.1,0.9,0.0,0.0,0.0,0.0,0.0,0.0,0.0,0.0,0.0,0.0,0.0,0.0,0.0,0.0
Jahlil Okafor\okafoja01,C,24.0,30.0,9.0,15.6,0.333,0.645,1.6,1.2,0.2,0.7,1.3,2.2,59.0,24.0,0.2,1.4,0.7,0.3,0.7,0.9,1.6,28.0,0.0,0.25,0.8,0.4,0.1,0.6,0.8,1.8,33.0,0.0,1.2,0.4,1.0
JaKarr Sampson\sampsja02,PF,26.0,34.0,12.0,13.9,0.154,0.667,0.6,0.6,0.5,0.4,0.4,1.9,4.0,0.0,0.35700000000000004,1.3,1.0,1.0,0.8,1.0,2.0,22.0,6.0,0.5,1.0,0.4,0.4,1.0,0.4,2.2,0.0,0.0,0.0,0.0,0.0
Raul Neto\netora01,PG,27.0,54.0,3.0,12.4,0.386,0.83,0.2,1.8,0.4,0.1,0.9,0.9,37.0,1.0,0.333,0.2,2.5,0.4,0.1,0.9,1.3,41.0,0.0,0.404,0.2,1.8,0.3,0.1,0.9,0.9,0.0,0.32299999999999995,0.9,0.5,0.1
Mario Hezonja\hezonma01,PF,24.0,53.0,4.0,16.4,0.308,0.8140000000000001,0.6,0.9,0.7,0.2,0.8,2.0,58.0,24.0,0.276,0.5,1.5,1.0,0.1,1.5,1.9,75.0,30.0,0.337,0.5,1.4,1.1,0.4,1.1,1.8,2.0,0.299,1.0,0.5,0.2
Jerian Grant\grantje02,SG,27.0,6.0,0.0,13.3,0.25,0.7140000000000001,0.3,1.5,0.2,0.2,0.5,1.8,60.0,1.0,0.364,0.3,2.6,0.7,0.1,0.9,1.3,74.0,26.0,0.326,0.4,4.6,0.9,0.1,1.2,1.8,28.0,0.366,1.9,0.7,0.1
Justin Anderson\anderju01,SG,26.0,10.0,1.0,10.7,0.207,0.5,0.1,0.8,0.0,0.6,0.4,1.3,48.0,4.0,0.312,0.5,0.5,0.5,0.3,0.5,1.0,38.0,0.0,0.33,0.7,0.7,0.4,0.2,0.4,1.4,10.0,0.299,0.9,0.5,0.3
Frank Kaminsky\kaminfr01,C,26.0,39.0,13.0,19.9,0.331,0.6779999999999999,0.9,1.9,0.4,0.3,0.9,1.9,47.0,0.0,0.36,0.8,1.3,0.3,0.3,0.9,1.4,79.0,4.0,0.38,0.6,1.6,0.5,0.2,0.8,1.2,16.0,0.328,2.2,0.6,0.5
Larry Sanders\sandela01,C,0.0,0.0,0.0,0.0,0.0,0.0,0.0,0.0,0.0,0.0,0.0,0.0,0.0,0.0,0.0,0.0,0.0,0.0,0.0,0.0,0.0,0.0,0.0,0.0,0.0,0.0,0.0,0.0,0.0,0.0,0.0,0.0,0.0,0.2,0.2
David Nwaba\nwabada01,SG,27.0,20.0,0.0,13.4,0.429,0.667,0.4,0.4,0.6,0.6,0.4,1.6,51.0,14.0,0.32,0.8,1.1,0.7,0.3,0.6,2.1,70.0,21.0,0.34600000000000003,1.3,1.5,0.8,0.4,1.1,2.3,2.0,0.2,0.7,0.7,0.4
Marquese Chriss\chrisma01,PF,22.0,59.0,21.0,20.3,0.205,0.769,1.9,1.9,0.7,1.1,1.3,2.1,43.0,2.0,0.222,0.9,0.5,0.4,0.3,0.8,1.9,72.0,49.0,0.295,1.1,1.2,0.7,1.0,1.5,2.8,75.0,0.321,0.7,0.8,0.9
Timothé Luwawu-Cabarrot\luwawti01,SF,24.0,47.0,2.0,18.1,0.388,0.852,0.6,0.6,0.4,0.1,0.8,2.3,50.0,7.0,0.31,0.2,0.5,0.4,0.2,0.4,1.5,52.0,7.0,0.335,0.3,1.0,0.2,0.1,0.7,1.9,0.0,0.0,0.0,0.0,0.0
Georges Niang\niangge01,PF,26.0,66.0,1.0,14.0,0.4,0.833,0.2,0.7,0.3,0.1,0.5,1.1,59.0,0.0,0.41,0.2,0.6,0.2,0.1,0.4,1.0,9.0,0.0,0.0,0.3,0.3,0.2,0.0,0.3,0.1,0.0,0.083,0.2,0.1,0.0
Rodions Kurucs\kurucro01,PF,21.0,47.0,9.0,14.6,0.3670000000000001,0.632,0.5,1.1,0.5,0.1,1.0,1.9,63.0,46.0,0.315,0.9,0.8,0.7,0.4,1.2,2.3,0.0,0.0,0.0,0.0,0.0,0.0,0.0,0.0,0.0,0.0,0.0,0.0,0.0,0.0
Furkan Korkmaz\korkmfu01,SG,22.0,72.0,12.0,21.7,0.402,0.755,0.3,1.1,0.6,0.2,0.8,1.4,48.0,7.0,0.326,0.3,1.1,0.6,0.0,0.5,1.3,14.0,0.0,0.294,0.1,0.3,0.1,0.1,0.1,0.9,0.0,0.0,0.0,0.0,0.0
Damion Lee\leeda03,SG,27.0,49.0,36.0,29.0,0.35600000000000004,0.873,0.7,2.7,1.0,0.1,1.4,2.4,32.0,0.0,0.397,0.3,0.4,0.4,0.0,0.3,0.9,15.0,11.0,0.25,0.7,1.9,1.3,0.1,0.9,1.7,0.0,0.0,0.0,0.0,0.0
Alfonzo McKinnie\mckinal01,SF,27.0,40.0,1.0,14.8,0.215,0.71,0.9,0.4,0.6,0.2,0.7,1.8,72.0,5.0,0.35600000000000004,1.1,0.4,0.3,0.2,0.4,1.9,14.0,0.0,0.333,0.1,0.1,0.1,0.1,0.2,0.6,0.0,0.0,0.0,0.0,0.0
Semi Ojeleye\ojelese01,PF,25.0,69.0,6.0,14.7,0.378,0.875,0.4,0.5,0.3,0.1,0.3,1.2,56.0,3.0,0.315,0.4,0.4,0.2,0.1,0.3,0.8,73.0,0.0,0.32,0.5,0.3,0.3,0.1,0.3,1.2,0.0,0.0,0.0,0.0,0.0
Abdel Nader\naderab01,SF,26.0,55.0,6.0,15.8,0.375,0.773,0.3,0.7,0.4,0.4,0.8,1.4,61.0,1.0,0.32,0.2,0.3,0.3,0.2,0.4,1.1,48.0,1.0,0.354,0.3,0.5,0.3,0.2,0.7,0.9,0.0,0.0,0.0,0.0,0.0
Damian Jones\jonesda03,C,24.0,55.0,27.0,16.1,0.222,0.738,1.3,0.6,0.5,0.7,0.5,2.7,24.0,22.0,0.0,1.3,1.2,0.5,1.0,0.7,2.6,15.0,0.0,0.0,0.3,0.1,0.1,0.2,0.3,0.9,0.0,0.0,0.0,0.1,0.4
DeAndre' Bembry\bembrde01,SG,25.0,43.0,4.0,21.3,0.231,0.542,0.8,1.9,1.3,0.4,1.4,2.0,82.0,15.0,0.289,0.7,2.5,1.3,0.5,1.7,2.3,26.0,3.0,0.3670000000000001,0.3,1.9,0.8,0.5,1.8,1.5,1.0,0.056,0.7,0.2,0.1
Henry Ellenson\ellenhe01,C,23.0,5.0,0.0,3.0,0.0,0.0,0.4,0.2,0.0,0.0,0.0,0.2,19.0,0.0,0.447,0.3,0.8,0.4,0.1,0.5,1.4,38.0,0.0,0.333,0.3,0.5,0.1,0.0,0.5,0.6,2.0,0.28600000000000003,0.4,0.1,0.1
Willy Hernangómez\hernawi01,C,25.0,31.0,0.0,12.1,0.227,0.627,1.4,0.9,0.3,0.2,1.0,1.0,58.0,3.0,0.385,2.0,1.0,0.3,0.3,1.0,1.7,48.0,1.0,0.417,1.3,0.7,0.4,0.3,0.7,1.3,0.0,0.0,0.0,0.0,0.0
Shake Milton\miltosh01,SG,23.0,40.0,24.0,20.1,0.43,0.785,0.4,2.6,0.5,0.2,1.2,2.3,20.0,0.0,0.318,0.5,0.9,0.4,0.4,0.3,1.5,0.0,0.0,0.0,0.0,0.0,0.0,0.0,0.0,0.0,0.0,0.0,0.0,0.0,0.0
Thanasis Antetokounmpo\antetth01,SF,27.0,20.0,2.0,6.5,0.0,0.412,0.6,0.8,0.4,0.1,0.6,0.9,0.0,0.0,0.0,0.0,0.0,0.0,0.0,0.0,0.0,0.0,0.0,0.0,0.0,0.0,0.0,0.0,0.0,0.0,0.0,0.0,0.0,0.0,0.0
Brandon Goodwin\goodwbr01,PG,24.0,34.0,1.0,12.6,0.299,0.933,0.3,1.5,0.4,0.1,0.9,1.3,16.0,0.0,0.333,0.1,0.9,0.0,0.0,0.2,0.4,0.0,0.0,0.0,0.0,0.0,0.0,0.0,0.0,0.0,0.0,0.0,0.0,0.0,0.0
Wesley Iwundu\iwundwe01,SF,25.0,52.0,21.0,18.3,0.341,0.804,0.5,1.2,0.5,0.3,0.5,1.5,68.0,13.0,0.3670000000000001,0.5,1.1,0.4,0.3,0.6,1.8,62.0,12.0,0.196,0.6,0.9,0.5,0.2,0.5,1.3,0.0,0.0,0.0,0.0,0.0
Sindarius Thornwell\thornsi01,SF,25.0,2.0,0.0,17.5,0.5,0.5,0.0,2.0,0.5,0.5,1.0,1.0,64.0,1.0,0.2,0.1,0.3,0.2,0.1,0.3,0.6,73.0,17.0,0.377,0.5,0.9,0.7,0.3,0.7,1.7,0.0,0.0,0.0,0.0,0.0
Harry Giles\gilesha01,C,21.0,46.0,17.0,14.5,0.0,0.7759999999999999,0.9,1.3,0.5,0.4,1.0,2.6,58.0,0.0,0.0,1.1,1.5,0.5,0.4,1.3,2.6,0.0,0.0,0.0,0.0,0.0,0.0,0.0,0.0,0.0,0.0,0.0,0.0,0.0,0.0
Dwayne Bacon\bacondw01,SG,24.0,39.0,11.0,17.6,0.284,0.66,0.4,1.3,0.6,0.1,0.9,1.3,43.0,13.0,0.4370000000000001,0.2,1.1,0.3,0.1,0.4,1.7,53.0,6.0,0.256,0.1,0.7,0.3,0.0,0.4,0.9,0.0,0.0,0.0,0.0,0.0
Torrey Craig\craigto01,SF,29.0,58.0,27.0,18.5,0.326,0.611,1.1,0.8,0.4,0.6,0.4,2.3,75.0,37.0,0.324,1.2,1.0,0.5,0.6,0.6,2.3,39.0,5.0,0.293,1.0,0.6,0.3,0.4,0.5,1.6,0.0,0.0,0.0,0.0,0.0
Sterling Brown\brownst02,SF,24.0,52.0,1.0,14.8,0.324,0.8,0.6,1.0,0.6,0.1,0.8,1.0,58.0,7.0,0.361,0.5,1.4,0.4,0.1,0.8,1.5,54.0,4.0,0.35200000000000004,0.5,0.5,0.6,0.2,0.5,1.5,0.0,0.0,0.0,0.0,0.0
Mitchell Robinson\robinmi01,C,21.0,61.0,7.0,23.1,0.0,0.568,3.0,0.6,0.9,2.0,0.6,3.2,66.0,19.0,0.0,2.7,0.6,0.8,2.4,0.5,3.3,0.0,0.0,0.0,0.0,0.0,0.0,0.0,0.0,0.0,0.0,0.0,0.0,0.0,0.0
Gary Trent Jr.\trentga02,SF,21.0,61.0,8.0,21.8,0.418,0.8220000000000001,0.4,1.0,0.8,0.3,0.3,1.5,15.0,1.0,0.238,0.1,0.3,0.1,0.1,0.3,0.3,0.0,0.0,0.0,0.0,0.0,0.0,0.0,0.0,0.0,0.0,0.0,0.0,0.0,0.0
Hamidou Diallo\diallha01,SF,21.0,46.0,3.0,19.5,0.281,0.603,1.0,0.8,0.8,0.2,1.1,2.2,51.0,3.0,0.16699999999999998,0.7,0.3,0.4,0.2,0.5,1.5,0.0,0.0,0.0,0.0,0.0,0.0,0.0,0.0,0.0,0.0,0.0,0.0,0.0,0.0
Duncan Robinson\robindu01,SG,25.0,73.0,68.0,29.7,0.446,0.931,0.1,1.4,0.5,0.3,1.0,2.6,15.0,1.0,0.28600000000000003,0.1,0.3,0.3,0.0,0.3,0.7,0.0,0.0,0.0,0.0,0.0,0.0,0.0,0.0,0.0,0.0,0.0,0.0,0.0,0.0
Kendrick Nunn\nunnke01,PG,24.0,67.0,67.0,29.3,0.35,0.85,0.3,3.3,0.8,0.2,1.7,2.3,0.0,0.0,0.0,0.0,0.0,0.0,0.0,0.0,0.0,0.0,0.0,0.0,0.0,0.0,0.0,0.0,0.0,0.0,0.0,0.0,0.0,0.0,0.0
Sviatoslav Mykhailiuk\mykhasv01,SF,22.0,56.0,27.0,22.6,0.404,0.8140000000000001,0.3,1.9,0.7,0.1,1.1,1.6,42.0,0.0,0.326,0.2,0.9,0.3,0.0,0.5,0.6,0.0,0.0,0.0,0.0,0.0,0.0,0.0,0.0,0.0,0.0,0.0,0.0,0.0,0.0
Jalen Brunson\brunsja01,PG,23.0,57.0,16.0,17.9,0.358,0.813,0.4,3.3,0.4,0.1,1.2,1.3,73.0,38.0,0.348,0.3,3.2,0.5,0.1,1.2,1.7,0.0,0.0,0.0,0.0,0.0,0.0,0.0,0.0,0.0,0.0,0.0,0.0,0.0,0.0
Monte Morris\morrimo01,PG,24.0,73.0,12.0,22.4,0.378,0.843,0.3,3.5,0.8,0.2,0.7,1.0,82.0,6.0,0.414,0.4,3.6,0.9,0.0,0.6,1.2,3.0,0.0,0.0,0.0,2.3,1.0,0.0,0.3,0.3,0.0,0.0,0.0,0.0,0.0
Isaac Bonga\bongais01,SF,20.0,66.0,49.0,18.9,0.35200000000000004,0.812,1.1,1.2,0.7,0.3,0.9,2.4,22.0,0.0,0.0,0.4,0.7,0.4,0.2,0.3,0.4,0.0,0.0,0.0,0.0,0.0,0.0,0.0,0.0,0.0,0.0,0.0,0.0,0.0,0.0
Melvin Frazier\frazime01,SG,23.0,19.0,0.0,6.6,0.5,0.5,0.1,0.2,0.5,0.1,0.3,0.6,10.0,0.0,0.0,0.3,0.1,0.1,0.0,0.1,0.6,0.0,0.0,0.0,0.0,0.0,0.0,0.0,0.0,0.0,0.0,0.0,0.0,0.0,0.0
Jarred Vanderbilt\vandeja01,PF,20.0,11.0,0.0,4.2,0.0,1.0,0.3,0.2,0.3,0.1,0.6,0.5,17.0,0.0,0.0,0.4,0.2,0.4,0.1,0.5,0.5,0.0,0.0,0.0,0.0,0.0,0.0,0.0,0.0,0.0,0.0,0.0,0.0,0.0,0.0
Devonte' Graham\grahade01,PG,24.0,63.0,53.0,35.1,0.373,0.82,0.7,7.5,1.0,0.2,2.9,1.8,46.0,3.0,0.281,0.2,2.6,0.5,0.0,0.7,1.0,0.0,0.0,0.0,0.0,0.0,0.0,0.0,0.0,0.0,0.0,0.0,0.0,0.0,0.0
Bruce Brown\brownbr01,PG,23.0,58.0,43.0,28.2,0.344,0.7390000000000001,1.1,4.0,1.1,0.5,1.7,2.8,74.0,56.0,0.258,0.6,1.2,0.5,0.5,0.6,2.4,0.0,0.0,0.0,0.0,0.0,0.0,0.0,0.0,0.0,0.0,0.0,0.0,0.0,0.0
Drew Eubanks\eubandr01,C,22.0,22.0,3.0,12.4,1.0,0.769,1.3,0.7,0.2,0.8,1.0,1.7,23.0,0.0,0.0,0.3,0.3,0.1,0.2,0.3,0.5,0.0,0.0,0.0,0.0,0.0,0.0,0.0,0.0,0.0,0.0,0.0,0.0,0.0,0.0
Josh Gray\grayjo01,PG,26.0,2.0,0.0,11.5,0.0,0.0,0.5,1.0,0.0,0.0,2.5,0.5,0.0,0.0,0.0,0.0,0.0,0.0,0.0,0.0,0.0,5.0,0.0,0.231,0.4,2.4,1.6,0.4,1.4,1.6,0.0,0.0,0.0,0.0,0.0
Wenyen Gabriel\gabriwe01,PF,22.0,30.0,1.0,7.8,0.3,0.682,0.7,0.3,0.4,0.2,0.5,1.3,0.0,0.0,0.0,0.0,0.0,0.0,0.0,0.0,0.0,0.0,0.0,0.0,0.0,0.0,0.0,0.0,0.0,0.0,0.0,0.0,0.0,0.0,0.0
Chimezie Metu\metuch01,C,22.0,18.0,0.0,5.8,0.0,0.769,0.7,0.6,0.2,0.3,0.6,0.4,29.0,0.0,0.0,0.3,0.4,0.2,0.1,0.5,0.5,0.0,0.0,0.0,0.0,0.0,0.0,0.0,0.0,0.0,0.0,0.0,0.0,0.0,0.0
Derrick Walton\waltode01,PG,24.0,26.0,1.0,9.5,0.417,0.778,0.1,1.0,0.3,0.0,0.2,0.8,0.0,0.0,0.0,0.0,0.0,0.0,0.0,0.0,0.0,16.0,0.0,0.412,0.1,1.0,0.4,0.2,0.1,0.4,0.0,0.0,0.0,0.0,0.0
Jarrod Uthoff\uthofja01,PF,26.0,7.0,0.0,7.6,0.333,1.0,0.3,0.0,0.1,0.0,0.0,0.3,0.0,0.0,0.0,0.0,0.0,0.0,0.0,0.0,0.0,0.0,0.0,0.0,0.0,0.0,0.0,0.0,0.0,0.0,0.0,0.333,1.0,0.2,0.4
Terance Mann\mannte01,SF,23.0,41.0,6.0,8.8,0.35,0.667,0.2,1.3,0.3,0.1,0.4,1.1,0.0,0.0,0.0,0.0,0.0,0.0,0.0,0.0,0.0,0.0,0.0,0.0,0.0,0.0,0.0,0.0,0.0,0.0,0.0,0.0,0.0,0.0,0.0
Bruno Fernando\fernabr01,C,21.0,56.0,13.0,12.7,0.135,0.569,1.2,0.9,0.3,0.3,0.8,1.9,0.0,0.0,0.0,0.0,0.0,0.0,0.0,0.0,0.0,0.0,0.0,0.0,0.0,0.0,0.0,0.0,0.0,0.0,0.0,0.0,0.0,0.0,0.0
Carsen Edwards\edwarca01,SG,21.0,37.0,0.0,9.5,0.316,0.684,0.2,0.6,0.3,0.1,0.4,0.9,0.0,0.0,0.0,0.0,0.0,0.0,0.0,0.0,0.0,0.0,0.0,0.0,0.0,0.0,0.0,0.0,0.0,0.0,0.0,0.0,0.0,0.0,0.0
Cody Martin\martico01,SF,24.0,48.0,3.0,18.8,0.234,0.6459999999999999,0.8,2.0,0.8,0.2,0.9,1.6,0.0,0.0,0.0,0.0,0.0,0.0,0.0,0.0,0.0,0.0,0.0,0.0,0.0,0.0,0.0,0.0,0.0,0.0,0.0,0.0,0.0,0.0,0.0
KZ Okpala\okpalkz01,PF,20.0,5.0,0.0,5.2,0.0,0.5,0.2,0.2,0.4,0.2,0.2,0.4,0.0,0.0,0.0,0.0,0.0,0.0,0.0,0.0,0.0,0.0,0.0,0.0,0.0,0.0,0.0,0.0,0.0,0.0,0.0,0.0,0.0,0.0,0.0
Eric Paschall\pascher01,PF,23.0,60.0,26.0,27.6,0.287,0.774,1.4,2.1,0.5,0.2,1.6,2.1,0.0,0.0,0.0,0.0,0.0,0.0,0.0,0.0,0.0,0.0,0.0,0.0,0.0,0.0,0.0,0.0,0.0,0.0,0.0,0.0,0.0,0.0,0.0
Nicolas Claxton\claxtni01,C,20.0,15.0,0.0,12.5,0.14300000000000002,0.524,1.3,1.1,0.1,0.5,0.6,0.9,0.0,0.0,0.0,0.0,0.0,0.0,0.0,0.0,0.0,0.0,0.0,0.0,0.0,0.0,0.0,0.0,0.0,0.0,0.0,0.0,0.0,0.0,0.0
Admiral Schofield\schofad01,PF,22.0,33.0,2.0,11.2,0.311,0.667,0.2,0.5,0.2,0.1,0.2,1.5,0.0,0.0,0.0,0.0,0.0,0.0,0.0,0.0,0.0,0.0,0.0,0.0,0.0,0.0,0.0,0.0,0.0,0.0,0.0,0.0,0.0,0.0,0.0
Isaiah Roby\robyis01,PF,21.0,3.0,0.0,3.7,0.0,0.0,0.0,0.0,0.0,0.0,0.3,0.3,0.0,0.0,0.0,0.0,0.0,0.0,0.0,0.0,0.0,0.0,0.0,0.0,0.0,0.0,0.0,0.0,0.0,0.0,0.0,0.0,0.0,0.0,0.0
Justin James\jamesju01,SF,23.0,36.0,0.0,6.4,0.31,0.476,0.2,0.5,0.2,0.3,0.2,0.5,0.0,0.0,0.0,0.0,0.0,0.0,0.0,0.0,0.0,0.0,0.0,0.0,0.0,0.0,0.0,0.0,0.0,0.0,0.0,0.0,0.0,0.0,0.0
Ignas Brazdeikis\brazdig01,SF,21.0,9.0,0.0,5.9,0.111,0.8,0.2,0.4,0.0,0.1,0.2,0.3,0.0,0.0,0.0,0.0,0.0,0.0,0.0,0.0,0.0,0.0,0.0,0.0,0.0,0.0,0.0,0.0,0.0,0.0,0.0,0.0,0.0,0.0,0.0
Talen Horton-Tucker\hortota01,SG,19.0,6.0,1.0,13.5,0.308,0.5,0.3,1.0,1.3,0.2,1.0,1.7,0.0,0.0,0.0,0.0,0.0,0.0,0.0,0.0,0.0,0.0,0.0,0.0,0.0,0.0,0.0,0.0,0.0,0.0,0.0,0.0,0.0,0.0,0.0
Daniel Gafford\gaffoda01,C,21.0,43.0,7.0,14.2,0.0,0.5329999999999999,1.2,0.5,0.3,1.3,0.7,2.3,0.0,0.0,0.0,0.0,0.0,0.0,0.0,0.0,0.0,0.0,0.0,0.0,0.0,0.0,0.0,0.0,0.0,0.0,0.0,0.0,0.0,0.0,0.0
Alen Smailagić\smailal01,C,19.0,14.0,0.0,9.9,0.231,0.8420000000000001,0.7,0.9,0.2,0.3,0.8,1.0,0.0,0.0,0.0,0.0,0.0,0.0,0.0,0.0,0.0,0.0,0.0,0.0,0.0,0.0,0.0,0.0,0.0,0.0,0.0,0.0,0.0,0.0,0.0
Luguentz Dort\dortlu01,SF,20.0,36.0,28.0,22.8,0.297,0.792,0.7,0.8,0.9,0.1,0.6,2.7,0.0,0.0,0.0,0.0,0.0,0.0,0.0,0.0,0.0,0.0,0.0,0.0,0.0,0.0,0.0,0.0,0.0,0.0,0.0,0.0,0.0,0.0,0.0
Chris Silva\silvach01,PF,23.0,44.0,0.0,7.9,0.0,0.6729999999999999,1.4,0.5,0.2,0.5,0.7,1.9,0.0,0.0,0.0,0.0,0.0,0.0,0.0,0.0,0.0,0.0,0.0,0.0,0.0,0.0,0.0,0.0,0.0,0.0,0.0,0.0,0.0,0.0,0.0
Matt Thomas\thomama02,SG,25.0,41.0,1.0,10.7,0.475,0.75,0.2,0.5,0.2,0.0,0.4,0.9,0.0,0.0,0.0,0.0,0.0,0.0,0.0,0.0,0.0,0.0,0.0,0.0,0.0,0.0,0.0,0.0,0.0,0.0,0.0,0.0,0.0,0.0,0.0
Jalen Lecque\lecquja01,SG,19.0,5.0,0.0,6.4,0.0,1.0,0.0,0.4,0.0,0.0,0.4,0.6,0.0,0.0,0.0,0.0,0.0,0.0,0.0,0.0,0.0,0.0,0.0,0.0,0.0,0.0,0.0,0.0,0.0,0.0,0.0,0.0,0.0,0.0,0.0
Nigel Williams-Goss\willini01,PG,25.0,10.0,0.0,5.0,0.28600000000000003,1.0,0.2,0.6,0.3,0.1,0.3,0.6,0.0,0.0,0.0,0.0,0.0,0.0,0.0,0.0,0.0,0.0,0.0,0.0,0.0,0.0,0.0,0.0,0.0,0.0,0.0,0.0,0.0,0.0,0.0
Jaylen Nowell\nowelja01,SG,20.0,15.0,0.0,10.1,0.115,0.941,0.2,1.3,0.2,0.1,0.2,0.7,0.0,0.0,0.0,0.0,0.0,0.0,0.0,0.0,0.0,0.0,0.0,0.0,0.0,0.0,0.0,0.0,0.0,0.0,0.0,0.0,0.0,0.0,0.0
Miye Oni\onimi01,SF,22.0,10.0,1.0,10.9,0.368,0.8,0.5,0.4,0.4,0.2,0.4,0.9,0.0,0.0,0.0,0.0,0.0,0.0,0.0,0.0,0.0,0.0,0.0,0.0,0.0,0.0,0.0,0.0,0.0,0.0,0.0,0.0,0.0,0.0,0.0
Terence Davis\daviste02,SG,22.0,72.0,4.0,16.8,0.388,0.8640000000000001,0.7,1.6,0.5,0.2,1.1,1.7,0.0,0.0,0.0,0.0,0.0,0.0,0.0,0.0,0.0,0.0,0.0,0.0,0.0,0.0,0.0,0.0,0.0,0.0,0.0,0.0,0.0,0.0,0.0
Naz Reid\reidna01,C,20.0,30.0,11.0,16.5,0.33,0.698,1.1,1.2,0.6,0.7,0.7,2.8,0.0,0.0,0.0,0.0,0.0,0.0,0.0,0.0,0.0,0.0,0.0,0.0,0.0,0.0,0.0,0.0,0.0,0.0,0.0,0.0,0.0,0.0,0.0
Caleb Martin\martica02,SF,24.0,18.0,1.0,17.6,0.541,0.81,0.6,1.3,0.7,0.4,0.8,1.8,0.0,0.0,0.0,0.0,0.0,0.0,0.0,0.0,0.0,0.0,0.0,0.0,0.0,0.0,0.0,0.0,0.0,0.0,0.0,0.0,0.0,0.0,0.0
Jalen McDaniels\mcdanja01,SF,22.0,16.0,0.0,18.3,0.375,0.8240000000000001,0.9,0.8,0.5,0.2,0.7,2.3,0.0,0.0,0.0,0.0,0.0,0.0,0.0,0.0,0.0,0.0,0.0,0.0,0.0,0.0,0.0,0.0,0.0,0.0,0.0,0.0,0.0,0.0,0.0
Javonte Green\greenja02,SG,26.0,48.0,2.0,9.8,0.273,0.667,0.5,0.5,0.5,0.2,0.5,0.9,0.0,0.0,0.0,0.0,0.0,0.0,0.0,0.0,0.0,0.0,0.0,0.0,0.0,0.0,0.0,0.0,0.0,0.0,0.0,0.0,0.0,0.0,0.0
Chris Clemons\clemoch01,SG,22.0,33.0,0.0,8.8,0.34600000000000003,0.909,0.1,0.8,0.3,0.2,0.6,0.8,0.0,0.0,0.0,0.0,0.0,0.0,0.0,0.0,0.0,0.0,0.0,0.0,0.0,0.0,0.0,0.0,0.0,0.0,0.0,0.0,0.0,0.0,0.0
Dean Wade\wadede01,PF,23.0,12.0,0.0,5.9,0.5,0.0,0.3,0.2,0.2,0.3,0.3,0.7,0.0,0.0,0.0,0.0,0.0,0.0,0.0,0.0,0.0,0.0,0.0,0.0,0.0,0.0,0.0,0.0,0.0,0.0,0.0,0.0,0.0,0.0,0.0
Juan Toscano-Anderson\toscaju01,SG,26.0,13.0,6.0,20.9,0.348,0.6,0.7,2.0,1.0,0.4,1.2,2.3,0.0,0.0,0.0,0.0,0.0,0.0,0.0,0.0,0.0,0.0,0.0,0.0,0.0,0.0,0.0,0.0,0.0,0.0,0.0,0.0,0.0,0.0,0.0
Mychal Mulder\muldemy01,SF,25.0,7.0,3.0,29.1,0.308,0.75,0.4,1.1,0.3,0.1,0.7,2.9,0.0,0.0,0.0,0.0,0.0,0.0,0.0,0.0,0.0,0.0,0.0,0.0,0.0,0.0,0.0,0.0,0.0,0.0,0.0,0.0,0.0,0.0,0.0
J.R. Smith\smithjr01,SG,34.0,6.0,0.0,13.2,0.091,1.0,0.0,0.5,0.2,0.0,0.7,0.8,11.0,4.0,0.308,0.0,1.9,1.0,0.3,1.0,1.7,80.0,61.0,0.375,0.4,1.8,0.9,0.1,1.0,2.0,35.0,0.35100000000000003,1.5,1.0,0.3
DaQuan Jeffries\jeffrda01,SG,22.0,13.0,0.0,10.8,0.278,0.833,0.2,0.5,0.3,0.1,0.2,1.5,0.0,0.0,0.0,0.0,0.0,0.0,0.0,0.0,0.0,0.0,0.0,0.0,0.0,0.0,0.0,0.0,0.0,0.0,0.0,0.0,0.0,0.0,0.0
Zylan Cheatham\cheatzy01,PF,24.0,4.0,0.0,12.8,0.0,0.0,0.8,0.8,0.3,0.3,1.0,2.5,0.0,0.0,0.0,0.0,0.0,0.0,0.0,0.0,0.0,0.0,0.0,0.0,0.0,0.0,0.0,0.0,0.0,0.0,0.0,0.0,0.0,0.0,0.0
Isaiah Hartenstein\harteis01,C,21.0,23.0,2.0,11.6,0.0,0.679,1.3,0.8,0.4,0.5,0.7,1.8,28.0,0.0,0.333,0.8,0.5,0.3,0.4,0.5,2.0,0.0,0.0,0.0,0.0,0.0,0.0,0.0,0.0,0.0,0.0,0.0,0.0,0.0,0.0
Zach Norvell\norveza01,SG,22.0,5.0,0.0,8.2,0.375,1.0,0.0,0.6,0.4,0.0,0.6,0.8,0.0,0.0,0.0,0.0,0.0,0.0,0.0,0.0,0.0,0.0,0.0,0.0,0.0,0.0,0.0,0.0,0.0,0.0,0.0,0.0,0.0,0.0,0.0
Ryan Broekhoff\broekry01,SF,29.0,17.0,1.0,10.6,0.392,0.875,0.3,0.6,0.3,0.2,0.4,0.9,42.0,0.0,0.409,0.2,0.5,0.1,0.1,0.4,0.8,0.0,0.0,0.0,0.0,0.0,0.0,0.0,0.0,0.0,0.0,0.0,0.0,0.0,0.0
Ky Bowman\bowmaky01,PG,22.0,45.0,12.0,22.6,0.308,0.8290000000000001,0.5,2.9,1.0,0.2,1.6,2.3,0.0,0.0,0.0,0.0,0.0,0.0,0.0,0.0,0.0,0.0,0.0,0.0,0.0,0.0,0.0,0.0,0.0,0.0,0.0,0.0,0.0,0.0,0.0
Guerschon Yabusele\yabusgu01,PF,24.0,0.0,0.0,0.0,0.0,0.0,0.0,0.0,0.0,0.0,0.0,0.0,41.0,1.0,0.321,0.6,0.4,0.2,0.2,0.4,0.8,33.0,4.0,0.324,0.5,0.5,0.1,0.2,0.4,0.7,0.0,0.0,0.0,0.0,0.0
Elfrid Payton\paytoel01,PG,25.0,45.0,36.0,27.7,0.203,0.57,1.2,7.2,1.6,0.4,2.1,2.0,42.0,42.0,0.314,1.2,7.6,1.0,0.4,2.7,1.9,63.0,63.0,0.326,1.0,6.2,1.3,0.3,2.7,2.3,58.0,0.274,6.5,1.1,0.5
Quinn Cook\cookqu01,PG,26.0,44.0,1.0,11.5,0.365,0.7859999999999999,0.3,1.1,0.3,0.0,0.8,0.6,74.0,10.0,0.405,0.3,1.6,0.3,0.0,0.7,1.2,33.0,18.0,0.442,0.3,2.7,0.4,0.0,1.0,1.8,0.0,0.423,1.9,0.3,0.0
Kyle Singler\singlky01,SF,31.0,0.0,0.0,0.0,0.0,0.0,0.0,0.0,0.0,0.0,0.0,0.0,0.0,0.0,0.0,0.0,0.0,0.0,0.0,0.0,0.0,12.0,0.0,0.4,0.1,0.2,0.1,0.0,0.3,0.3,2.0,0.189,0.3,0.2,0.2
Vlatko Čančar\cancavl01,PF,22.0,14.0,0.0,3.2,0.16699999999999998,1.0,0.4,0.2,0.1,0.1,0.2,0.5,0.0,0.0,0.0,0.0,0.0,0.0,0.0,0.0,0.0,0.0,0.0,0.0,0.0,0.0,0.0,0.0,0.0,0.0,0.0,0.0,0.0,0.0,0.0
Khyri Thomas\thomakh01,SG,23.0,8.0,0.0,7.6,0.35700000000000004,0.5,0.1,0.4,0.4,0.0,0.4,1.1,26.0,0.0,0.28600000000000003,0.2,0.3,0.3,0.2,0.2,0.8,0.0,0.0,0.0,0.0,0.0,0.0,0.0,0.0,0.0,0.0,0.0,0.0,0.0,0.0
Patrick Patterson\pattepa01,PF,30.0,59.0,18.0,13.2,0.39,0.8140000000000001,0.6,0.7,0.1,0.1,0.4,0.9,63.0,5.0,0.336,0.7,0.5,0.3,0.2,0.3,0.7,82.0,3.0,0.386,0.4,0.7,0.6,0.3,0.4,1.1,8.0,0.3720000000000001,1.2,0.6,0.4
Cole Aldrich\aldrico01,C,31.0,0.0,0.0,0.0,0.0,0.0,0.0,0.0,0.0,0.0,0.0,0.0,0.0,0.0,0.0,0.0,0.0,0.0,0.0,0.0,0.0,21.0,0.0,0.0,0.1,0.1,0.1,0.0,0.0,0.5,0.0,0.0,0.4,0.4,0.4
Shaun Livingston\livinsh01,PG,34.0,0.0,0.0,0.0,0.0,0.0,0.0,0.0,0.0,0.0,0.0,0.0,64.0,0.0,0.0,0.7,1.8,0.5,0.4,0.6,1.2,71.0,7.0,0.0,0.5,2.0,0.5,0.3,0.8,1.6,3.0,0.333,1.8,0.5,0.3
Dakari Johnson\johnsda04,C,24.0,0.0,0.0,0.0,0.0,0.0,0.0,0.0,0.0,0.0,0.0,0.0,0.0,0.0,0.0,0.0,0.0,0.0,0.0,0.0,0.0,31.0,6.0,0.0,0.5,0.3,0.2,0.3,0.1,0.9,0.0,0.0,0.0,0.0,0.0
Wayne Ellington\ellinwa01,SG,32.0,36.0,1.0,15.5,0.35,0.846,0.1,1.2,0.4,0.1,0.5,1.1,53.0,38.0,0.371,0.3,1.4,1.0,0.1,0.8,1.7,77.0,2.0,0.392,0.3,1.0,0.7,0.1,0.7,1.2,13.0,0.378,1.1,0.6,0.1
A.J. Hammons\hammoaj01,C,0.0,0.0,0.0,0.0,0.0,0.0,0.0,0.0,0.0,0.0,0.0,0.0,0.0,0.0,0.0,0.0,0.0,0.0,0.0,0.0,0.0,0.0,0.0,0.0,0.0,0.0,0.0,0.0,0.0,0.0,0.0,0.5,0.2,0.0,0.6
Rayjon Tucker\tuckera01,SG,22.0,20.0,0.0,8.1,0.17600000000000002,0.826,0.2,0.3,0.1,0.1,0.4,0.5,0.0,0.0,0.0,0.0,0.0,0.0,0.0,0.0,0.0,0.0,0.0,0.0,0.0,0.0,0.0,0.0,0.0,0.0,0.0,0.0,0.0,0.0,0.0
Troy Williams\willitr02,SF,25.0,0.0,0.0,0.0,0.0,0.0,0.0,0.0,0.0,0.0,0.0,0.0,21.0,0.0,0.318,0.6,0.5,0.5,0.4,0.4,1.8,21.0,1.0,0.289,1.0,0.8,1.0,0.2,0.9,1.6,16.0,0.29,0.8,0.9,0.3
Demetrius Jackson\jacksde01,PG,25.0,0.0,0.0,0.0,0.0,0.0,0.0,0.0,0.0,0.0,0.0,0.0,6.0,0.0,0.333,0.3,0.8,0.3,0.0,0.2,0.7,15.0,0.0,0.14300000000000002,0.3,0.6,0.3,0.1,0.7,0.5,0.0,1.0,0.6,0.0,0.0
