Player,Salary,Pos,Age,G_19,GS_19,MP_19,FG_19,FGA_19,FG%_19,3P_19,3PA_19,3P%_19,2P_19,2PA_19,2P%_19,eFG%_19,FT_19,FTA_19,FT%_19,ORB_19,DRB_19,TRB_19,AST_19,STL_19,BLK_19,TOV_19,PF_19,PTS_19
Aaron Gordon\gordoaa01,18136364,PF,24.0,62.0,62.0,32.5,5.4,12.4,0.43700000000000006,1.2,3.8,0.308,4.2,8.5,0.494,0.484,2.4,3.6,0.674,1.7,5.9,7.7,3.7,0.8,0.6,1.6,2.0,14.4
Aaron Holiday\holidaa01,2345640,PG,23.0,66.0,33.0,24.5,3.5,8.5,0.414,1.3,3.3,0.39399999999999996,2.2,5.2,0.42700000000000005,0.491,1.1,1.3,0.851,0.3,2.0,2.4,3.4,0.8,0.2,1.3,1.8,9.5
Abdel Nader\naderab01,1752950,SF,26.0,55.0,6.0,15.8,2.2,4.8,0.46799999999999997,0.9,2.3,0.375,1.4,2.5,0.556,0.5589999999999999,0.9,1.2,0.773,0.3,1.6,1.8,0.7,0.4,0.4,0.8,1.4,6.3
Admiral Schofield\schofad01,1517981,PF,22.0,33.0,2.0,11.2,1.1,2.8,0.38,0.6,1.8,0.311,0.5,0.9,0.516,0.484,0.3,0.5,0.667,0.2,1.2,1.4,0.5,0.2,0.1,0.2,1.5,3.0
Al Horford\horfoal01,27500000,C,33.0,67.0,61.0,30.2,4.8,10.6,0.45,1.5,4.2,0.35,3.3,6.4,0.516,0.52,0.9,1.2,0.763,1.5,5.3,6.8,4.0,0.8,0.9,1.2,2.1,11.9
Al-Farouq Aminu\aminual01,9720900,PF,29.0,18.0,2.0,21.1,1.4,4.8,0.29100000000000004,0.5,2.0,0.25,0.9,2.8,0.32,0.34299999999999997,1.1,1.6,0.655,1.3,3.5,4.8,1.2,1.0,0.4,0.9,1.5,4.3
Alec Burks\burksal01,6000000,SF-SG,28.0,66.0,19.0,26.6,4.9,11.6,0.418,1.8,4.6,0.385,3.1,7.1,0.439,0.493,3.6,4.0,0.887,0.7,3.5,4.3,2.9,0.9,0.3,1.4,1.9,15.0
Alen Smailagić\smailal01,1517981,C,19.0,14.0,0.0,9.9,1.4,2.9,0.5,0.2,0.9,0.231,1.2,1.9,0.63,0.5379999999999999,1.1,1.4,0.8420000000000001,0.7,1.2,1.9,0.9,0.2,0.3,0.8,1.0,4.2
Alex Caruso\carusal01,2750000,PG,25.0,64.0,2.0,18.4,1.9,4.5,0.41200000000000003,0.6,1.9,0.33299999999999996,1.3,2.7,0.46799999999999997,0.48100000000000004,1.1,1.5,0.7340000000000001,0.3,1.7,1.9,1.9,1.1,0.3,0.8,1.5,5.5
Alex Len\lenal01,2320000,C,26.0,55.0,12.0,17.6,3.2,5.8,0.555,0.3,1.1,0.271,2.9,4.7,0.619,0.58,1.2,1.9,0.648,1.8,4.0,5.8,0.9,0.4,0.9,1.0,2.3,8.0
Alfonzo McKinnie\mckinal01,1762796,SF,27.0,40.0,1.0,14.8,1.8,4.3,0.42700000000000005,0.4,1.6,0.215,1.5,2.7,0.557,0.46799999999999997,0.6,0.8,0.71,0.9,1.9,2.8,0.4,0.6,0.2,0.7,1.8,4.6
Andre Drummond\drumman01,28751775,C,26.0,57.0,56.0,33.0,7.3,13.8,0.5329999999999999,0.1,0.6,0.14300000000000002,7.2,13.1,0.551,0.536,3.0,5.2,0.575,4.4,10.8,15.2,2.7,1.9,1.6,3.6,3.5,17.7
Andre Iguodala\iguodan01,15000000,SF,36.0,21.0,0.0,19.9,1.8,4.2,0.43200000000000005,0.7,2.2,0.298,1.1,2.0,0.585,0.511,0.3,0.7,0.4,0.8,2.9,3.7,2.4,0.7,1.0,1.2,1.7,4.6
Andrew Wiggins\wiggian01,29542010,SF,24.0,54.0,54.0,34.4,8.1,18.1,0.447,2.1,6.2,0.332,6.0,11.9,0.506,0.504,3.5,5.0,0.7090000000000001,1.2,3.9,5.1,3.7,0.8,1.0,2.4,2.4,21.8
Anfernee Simons\simonan01,2252040,SG,20.0,70.0,4.0,20.7,3.1,7.7,0.39899999999999997,1.1,3.2,0.332,2.0,4.4,0.44799999999999995,0.469,1.1,1.3,0.826,0.4,1.8,2.2,1.4,0.4,0.1,0.9,1.9,8.3
Anthony Davis\davisan02,32742000,PF,26.0,62.0,62.0,34.4,8.9,17.7,0.503,1.2,3.5,0.33,7.7,14.2,0.546,0.536,7.2,8.5,0.846,2.3,7.0,9.3,3.2,1.5,2.3,2.5,2.5,26.1
Aron Baynes\baynear01,6975610,C,33.0,42.0,28.0,22.2,4.4,9.1,0.48,1.4,4.0,0.35100000000000003,3.0,5.1,0.5820000000000001,0.5579999999999999,1.3,1.8,0.747,1.7,4.0,5.6,1.6,0.2,0.5,1.2,3.4,11.5
Austin Rivers\riverau01,3174603,SG,27.0,68.0,4.0,23.4,3.1,7.4,0.42100000000000004,1.4,4.0,0.35600000000000004,1.7,3.4,0.498,0.517,1.1,1.6,0.703,0.4,2.2,2.6,1.7,0.7,0.1,0.7,1.9,8.8
Avery Bradley\bradlav01,5635000,SG,29.0,49.0,44.0,24.2,3.5,7.8,0.444,1.3,3.5,0.364,2.2,4.3,0.51,0.526,0.4,0.5,0.833,0.4,2.0,2.3,1.3,0.9,0.1,1.0,2.2,8.6
Bam Adebayo\adebaba01,5115492,PF,22.0,72.0,72.0,33.6,6.1,11.0,0.557,0.0,0.2,0.14300000000000002,6.1,10.8,0.564,0.5579999999999999,3.7,5.3,0.691,2.4,7.8,10.2,5.1,1.1,1.3,2.8,2.5,15.9
Ben McLemore\mclembe01,2283034,SF,26.0,71.0,23.0,22.8,3.4,7.7,0.444,2.5,6.4,0.4,0.9,1.3,0.6559999999999999,0.61,0.7,0.9,0.746,0.3,1.9,2.2,0.8,0.6,0.2,0.7,2.2,10.1
Ben Simmons\simmobe01,29250000,PG,23.0,57.0,57.0,35.4,6.6,11.4,0.58,0.0,0.1,0.28600000000000003,6.5,11.2,0.583,0.581,3.2,5.2,0.621,2.0,5.8,7.8,8.0,2.1,0.6,3.5,3.3,16.4
Bismack Biyombo\biyombi01,2331593,C,27.0,53.0,29.0,19.4,2.8,5.2,0.5429999999999999,0.0,0.0,0.0,2.8,5.2,0.5429999999999999,0.5429999999999999,1.7,2.8,0.603,2.3,3.5,5.8,0.9,0.2,0.9,0.9,2.2,7.4
Blake Griffin\griffbl01,36595996,PF,30.0,18.0,18.0,28.4,4.9,13.9,0.35200000000000004,1.5,6.2,0.243,3.4,7.7,0.439,0.406,4.2,5.4,0.7759999999999999,0.9,3.7,4.7,3.3,0.4,0.4,2.2,1.5,15.5
Boban Marjanović\marjabo01,3500000,C,31.0,44.0,5.0,9.6,2.8,4.8,0.573,0.1,0.4,0.235,2.7,4.4,0.603,0.583,1.0,1.3,0.754,1.5,3.0,4.5,0.5,0.2,0.2,0.7,1.3,6.6
Bobby Portis\portibo01,3623000,PF,24.0,66.0,5.0,21.1,4.0,8.9,0.45,1.0,2.8,0.358,3.0,6.1,0.493,0.507,1.1,1.4,0.763,1.2,3.9,5.1,1.5,0.5,0.3,1.1,1.7,10.1
Bogdan Bogdanović\bogdabo01,18000000,SG,27.0,61.0,28.0,29.0,5.5,12.6,0.44,2.7,7.2,0.37200000000000005,2.8,5.3,0.532,0.547,1.4,1.9,0.741,0.4,3.0,3.4,3.4,1.0,0.2,1.7,2.2,15.1
Bojan Bogdanović\bogdabo02,17850000,SF,30.0,63.0,63.0,33.1,6.6,14.8,0.447,3.0,7.3,0.414,3.6,7.6,0.479,0.5479999999999999,4.0,4.4,0.903,0.6,3.5,4.1,2.1,0.5,0.1,2.5,1.7,20.2
Bol Bol\bolbo01,2058240,PF,20.0,7.0,0.0,12.4,2.0,4.0,0.5,0.6,1.3,0.444,1.4,2.7,0.526,0.5710000000000001,1.1,1.4,0.8,0.7,2.0,2.7,0.9,0.3,0.9,1.4,1.6,5.7
Brad Wanamaker\wanambr01,2250000,PG,30.0,71.0,1.0,19.3,2.3,5.1,0.44799999999999995,0.5,1.4,0.363,1.8,3.7,0.48100000000000004,0.499,1.8,1.9,0.9259999999999999,0.3,1.7,2.0,2.5,0.9,0.2,1.1,1.9,6.9
Bradley Beal\bealbr01,28751775,SG,26.0,57.0,57.0,36.0,10.4,22.9,0.455,3.0,8.4,0.353,7.4,14.4,0.515,0.52,6.8,8.0,0.8420000000000001,0.9,3.3,4.2,6.1,1.2,0.4,3.4,2.2,30.5
Brandon Clarke\clarkbr01,2602920,PF,23.0,58.0,4.0,22.4,5.1,8.3,0.618,0.4,1.1,0.359,4.7,7.2,0.6579999999999999,0.642,1.5,1.9,0.759,1.6,4.4,5.9,1.4,0.6,0.8,0.9,1.7,12.1
Brandon Goodwin\goodwbr01,1701593,PG,24.0,34.0,1.0,12.6,2.2,5.6,0.4,0.8,2.6,0.299,1.5,3.0,0.485,0.46799999999999997,0.8,0.9,0.9329999999999999,0.3,1.8,2.1,1.5,0.4,0.1,0.9,1.3,6.1
Brook Lopez\lopezbr01,12697675,C,31.0,68.0,67.0,26.7,4.3,9.9,0.435,1.5,4.8,0.314,2.8,5.1,0.5489999999999999,0.511,1.9,2.2,0.836,0.9,3.7,4.6,1.5,0.7,2.4,1.0,2.4,12.0
Bruce Brown\brownbr01,1663861,PG,23.0,58.0,43.0,28.2,3.4,7.7,0.44299999999999995,0.6,1.7,0.344,2.8,6.1,0.47,0.48,1.5,2.1,0.7390000000000001,1.1,3.7,4.7,4.0,1.1,0.5,1.7,2.8,8.9
Bruno Caboclo\cabocbr01,2028594,C,24.0,30.0,0.0,8.1,1.3,3.0,0.42700000000000005,0.2,1.1,0.182,1.1,1.9,0.5710000000000001,0.461,0.3,0.3,0.889,0.8,1.2,2.0,0.4,0.5,0.6,0.4,1.0,3.0
Bruno Fernando\fernabr01,1517981,C,21.0,56.0,13.0,12.7,1.8,3.6,0.518,0.1,0.7,0.135,1.8,2.9,0.605,0.53,0.5,0.9,0.569,1.2,2.3,3.5,0.9,0.3,0.3,0.8,1.9,4.3
Bryn Forbes\forbebr01,2337145,SG,26.0,63.0,62.0,25.1,3.8,9.2,0.41700000000000004,2.3,6.0,0.38799999999999996,1.5,3.2,0.47,0.544,1.2,1.4,0.833,0.2,1.8,2.0,1.7,0.5,0.0,0.9,1.8,11.2
Buddy Hield\hieldbu01,24431818,SG,27.0,72.0,44.0,30.8,6.9,16.1,0.429,3.8,9.6,0.39399999999999996,3.2,6.6,0.479,0.545,1.6,1.9,0.846,0.8,3.8,4.6,3.0,0.9,0.2,2.3,2.3,19.2
CJ McCollum\mccolcj01,29354152,SG,28.0,70.0,70.0,36.5,8.7,19.4,0.451,2.8,7.3,0.379,6.0,12.1,0.494,0.522,2.0,2.6,0.757,0.7,3.6,4.2,4.4,0.8,0.6,1.8,2.6,22.2
Caleb Martin\martica02,1517981,SF,24.0,18.0,1.0,17.6,2.1,4.7,0.44,1.1,2.1,0.541,0.9,2.6,0.36200000000000004,0.56,0.9,1.2,0.81,0.6,1.6,2.1,1.3,0.7,0.4,0.8,1.8,6.2
Cam Reddish\reddica01,4458000,SF,20.0,58.0,34.0,26.7,3.7,9.6,0.384,1.4,4.3,0.332,2.2,5.2,0.428,0.45899999999999996,1.7,2.2,0.802,0.6,3.1,3.7,1.5,1.1,0.5,1.7,2.3,10.5
Cameron Johnson\johnsca02,4235160,PF,23.0,57.0,9.0,22.0,3.1,7.1,0.435,1.9,4.8,0.39,1.2,2.3,0.526,0.565,0.8,1.0,0.807,0.9,2.4,3.3,1.2,0.6,0.4,0.6,1.5,8.8
Cameron Payne\payneca01,1977011,SG,25.0,8.0,0.0,22.9,4.1,8.5,0.485,1.9,3.6,0.517,2.3,4.9,0.462,0.596,0.8,0.9,0.857,0.5,3.4,3.9,3.0,1.0,0.3,1.4,2.5,10.9
Caris LeVert\leverca01,16203704,SG,25.0,45.0,31.0,29.6,6.9,16.3,0.425,1.8,4.9,0.364,5.1,11.4,0.451,0.48,3.1,4.4,0.711,1.1,3.1,4.2,4.4,1.2,0.2,2.6,1.8,18.7
Carsen Edwards\edwarca01,1517981,SG,21.0,37.0,0.0,9.5,1.1,3.5,0.32799999999999996,0.6,2.1,0.316,0.5,1.4,0.34600000000000003,0.42200000000000004,0.4,0.5,0.684,0.2,1.1,1.3,0.6,0.3,0.1,0.4,0.9,3.3
Cedi Osman\osmande01,8750000,SF,24.0,65.0,65.0,29.4,4.1,9.4,0.43700000000000006,1.9,4.9,0.38299999999999995,2.2,4.4,0.49700000000000005,0.5379999999999999,1.0,1.4,0.67,0.6,3.0,3.6,2.4,0.8,0.2,1.4,2.5,11.0
Chandler Hutchison\hutchch01,2443440,SF,23.0,28.0,10.0,18.8,2.9,6.3,0.457,0.4,1.4,0.316,2.4,4.9,0.496,0.491,1.6,2.8,0.59,0.6,3.2,3.9,0.9,1.0,0.3,1.0,1.7,7.8
Chimezie Metu\metuch01,1620564,C,22.0,18.0,0.0,5.8,1.3,2.3,0.5710000000000001,0.0,0.1,0.0,1.3,2.2,0.6,0.5710000000000001,0.6,0.7,0.769,0.7,1.2,1.8,0.6,0.2,0.3,0.6,0.4,3.2
Chris Boucher\bouchch01,6490385,C,27.0,62.0,0.0,13.2,2.3,4.8,0.47200000000000003,0.6,1.9,0.322,1.7,2.9,0.569,0.535,1.5,1.9,0.784,1.7,2.7,4.5,0.4,0.4,1.0,0.5,1.8,6.6
Chris Clemons\clemoch01,1517981,SG,22.0,33.0,0.0,8.8,1.7,4.3,0.401,1.1,3.2,0.34600000000000003,0.6,1.1,0.5710000000000001,0.532,0.3,0.3,0.909,0.1,0.8,0.9,0.8,0.3,0.2,0.6,0.8,4.9
Chris Paul\paulch01,41358814,PG,34.0,70.0,70.0,31.5,6.2,12.7,0.489,1.6,4.3,0.365,4.6,8.3,0.5539999999999999,0.552,3.6,4.0,0.907,0.4,4.6,5.0,6.7,1.6,0.2,2.3,2.3,17.6
Chris Silva\silvach01,1517981,PF,23.0,44.0,0.0,7.9,1.1,1.8,0.615,0.0,0.1,0.0,1.1,1.7,0.64,0.615,0.8,1.3,0.6729999999999999,1.4,1.5,2.9,0.5,0.2,0.5,0.7,1.9,3.0
Christian Wood\woodch01,13015874,PF,24.0,62.0,12.0,21.4,4.6,8.2,0.5670000000000001,0.9,2.3,0.386,3.8,5.9,0.636,0.62,2.9,3.9,0.7440000000000001,1.7,4.6,6.3,1.0,0.5,0.9,1.4,1.6,13.1
Clint Capela\capelca01,16000000,C,25.0,39.0,39.0,32.8,6.3,9.9,0.629,0.0,0.0,0.0,6.3,9.9,0.629,0.629,1.4,2.7,0.529,4.3,9.5,13.8,1.2,0.8,1.8,1.6,2.6,13.9
Coby White\whiteco01,5572680,PG,19.0,65.0,1.0,25.8,4.8,12.2,0.39399999999999996,2.0,5.8,0.354,2.8,6.4,0.43,0.478,1.6,2.0,0.7909999999999999,0.4,3.1,3.5,2.7,0.8,0.1,1.7,1.8,13.2
Cody Martin\martico01,1517981,SF,24.0,48.0,3.0,18.8,1.9,4.3,0.43,0.4,1.6,0.23399999999999999,1.5,2.7,0.546,0.473,0.9,1.4,0.6459999999999999,0.8,2.5,3.3,2.0,0.8,0.2,0.9,1.6,5.0
Cody Zeller\zelleco01,15415730,C,27.0,58.0,39.0,23.1,4.3,8.3,0.524,0.3,1.3,0.24,4.0,7.0,0.5770000000000001,0.5429999999999999,2.1,3.1,0.682,2.8,4.3,7.1,1.5,0.7,0.4,1.3,2.4,11.1
Collin Sexton\sextoco01,4991880,PG,21.0,65.0,65.0,33.0,7.9,16.7,0.47200000000000003,1.5,3.9,0.38,6.4,12.8,0.501,0.517,3.5,4.1,0.846,0.9,2.2,3.1,3.0,1.0,0.1,2.4,2.2,20.8
Cory Joseph\josepco01,12600000,PG,28.0,72.0,26.0,24.4,2.4,5.7,0.415,0.8,2.2,0.35200000000000004,1.6,3.5,0.455,0.483,0.8,1.0,0.857,0.6,2.0,2.6,3.5,0.7,0.3,1.1,1.8,6.4
Cristiano Felício\feliccr01,7529020,C,27.0,22.0,0.0,17.5,1.5,2.5,0.63,0.0,0.1,0.0,1.5,2.4,0.654,0.63,0.8,1.0,0.7829999999999999,2.5,2.1,4.6,0.7,0.5,0.1,0.8,1.5,3.9
D'Angelo Russell\russeda01,28649250,PG,23.0,45.0,45.0,32.3,8.0,18.8,0.426,3.5,9.6,0.36700000000000005,4.5,9.2,0.48700000000000004,0.519,3.6,4.4,0.809,0.4,3.6,3.9,6.3,1.1,0.3,3.3,1.9,23.1
D.J. Augustin\augusdj01,6666667,PG,32.0,57.0,13.0,24.9,3.2,8.1,0.39899999999999997,1.2,3.5,0.348,2.0,4.6,0.43799999999999994,0.475,2.8,3.2,0.89,0.4,1.8,2.1,4.6,0.6,0.0,1.5,1.3,10.5
D.J. Wilson\wilsodj01,4548280,PF,23.0,37.0,1.0,9.8,1.4,3.6,0.39399999999999996,0.5,2.0,0.247,0.9,1.6,0.5760000000000001,0.462,0.3,0.5,0.611,0.3,2.2,2.5,0.7,0.1,0.1,0.5,0.9,3.6
DaQuan Jeffries\jeffrda01,1445697,SG,22.0,13.0,0.0,10.8,1.5,3.1,0.5,0.4,1.4,0.278,1.2,1.7,0.682,0.563,0.4,0.5,0.833,0.2,1.2,1.4,0.5,0.3,0.1,0.2,1.5,3.8
Damian Jones\jonesda03,1737145,C,24.0,55.0,27.0,16.1,2.2,3.2,0.68,0.0,0.2,0.222,2.2,3.1,0.7040000000000001,0.685,1.1,1.5,0.738,1.3,2.4,3.7,0.6,0.5,0.7,0.5,2.7,5.6
Damian Lillard\lillada01,31626953,PG,29.0,66.0,66.0,37.5,9.5,20.4,0.46299999999999997,4.1,10.2,0.401,5.4,10.2,0.524,0.563,7.0,7.8,0.888,0.5,3.8,4.3,8.0,1.1,0.3,2.9,1.7,30.0
Damion Lee\leeda03,1762796,SG,27.0,49.0,36.0,29.0,4.3,10.4,0.41700000000000004,1.7,4.9,0.35600000000000004,2.6,5.6,0.47100000000000003,0.5,2.2,2.6,0.873,0.7,4.2,4.9,2.7,1.0,0.1,1.4,2.4,12.7
Damyean Dotson\dotsoda01,2000000,SG,25.0,48.0,0.0,17.4,2.5,6.0,0.414,1.2,3.4,0.36200000000000004,1.3,2.6,0.48,0.516,0.5,0.7,0.667,0.2,1.7,1.9,1.2,0.5,0.1,0.4,0.9,6.7
Daniel Gafford\gaffoda01,1517981,C,21.0,43.0,7.0,14.2,2.2,3.1,0.701,0.0,0.0,0.0,2.2,3.1,0.701,0.701,0.7,1.4,0.5329999999999999,1.2,1.3,2.5,0.5,0.3,1.3,0.7,2.3,5.1
Daniel Theis\theisda01,5000000,C,27.0,65.0,64.0,24.1,3.7,6.6,0.5660000000000001,0.5,1.5,0.33299999999999996,3.2,5.1,0.633,0.603,1.3,1.8,0.763,2.2,4.4,6.6,1.7,0.6,1.3,0.8,3.4,9.2
Danilo Gallinari\gallida01,19500000,PF,31.0,62.0,62.0,29.6,5.8,13.2,0.43799999999999994,2.9,7.1,0.405,2.9,6.1,0.47600000000000003,0.547,4.3,4.8,0.893,0.5,4.6,5.2,1.9,0.7,0.1,1.2,1.2,18.7
Danny Green\greenda02,15365854,SG,32.0,68.0,68.0,24.8,2.9,7.0,0.41600000000000004,1.8,4.8,0.36700000000000005,1.1,2.2,0.524,0.542,0.5,0.7,0.688,0.8,2.6,3.3,1.3,1.3,0.5,0.9,2.0,8.0
Dante Exum\exumda01,9600000,SG,24.0,35.0,1.0,13.9,1.6,3.4,0.47100000000000003,0.4,1.2,0.349,1.2,2.2,0.539,0.534,0.9,1.2,0.7440000000000001,0.3,1.6,1.9,1.1,0.4,0.2,0.9,1.1,4.5
Danuel House\houseda01,3717000,SF,26.0,63.0,52.0,30.4,3.7,8.6,0.42700000000000005,2.0,5.6,0.363,1.6,2.9,0.5489999999999999,0.546,1.2,1.4,0.8109999999999999,0.9,3.3,4.2,1.3,1.1,0.5,0.9,2.1,10.5
Dario Šarić\saricda01,8333333,PF,25.0,66.0,51.0,24.7,3.9,8.2,0.47600000000000003,1.3,3.6,0.35700000000000004,2.6,4.6,0.568,0.5539999999999999,1.6,1.9,0.8440000000000001,1.5,4.6,6.2,1.9,0.6,0.2,1.3,2.4,10.7
Darius Bazley\bazleda01,2399160,PF,19.0,61.0,9.0,18.5,2.0,5.2,0.39399999999999996,0.8,2.3,0.348,1.2,2.9,0.43200000000000005,0.47200000000000003,0.7,1.0,0.6940000000000001,0.5,3.5,4.0,0.7,0.4,0.7,0.7,0.9,5.6
Darius Garland\garlada01,6720720,SG,20.0,59.0,59.0,30.9,4.7,11.8,0.401,1.8,5.0,0.355,3.0,6.8,0.434,0.47600000000000003,1.1,1.2,0.875,0.5,1.4,1.9,3.9,0.7,0.1,2.6,1.6,12.3
David Nwaba\nwabada01,1862250,SG,27.0,20.0,0.0,13.4,1.9,3.6,0.521,0.6,1.4,0.429,1.3,2.2,0.581,0.606,0.9,1.4,0.667,0.4,1.9,2.3,0.4,0.6,0.6,0.4,1.6,5.2
De'Aaron Fox\foxde01,8099627,PG,22.0,51.0,49.0,32.0,7.7,16.0,0.48,1.1,3.6,0.292,6.6,12.4,0.535,0.513,4.7,6.7,0.705,0.7,3.2,3.8,6.8,1.5,0.5,3.1,2.8,21.1
De'Andre Hunter\huntede01,7422000,SF,22.0,63.0,62.0,32.0,4.4,10.8,0.41,1.7,4.8,0.355,2.7,6.0,0.45399999999999996,0.489,1.7,2.3,0.764,0.7,3.8,4.5,1.8,0.7,0.3,1.6,2.9,12.3
De'Anthony Melton\meltode01,7812500,PG,21.0,60.0,8.0,19.5,2.7,6.7,0.401,0.7,2.3,0.28600000000000003,2.0,4.4,0.46399999999999997,0.451,1.6,2.0,0.769,0.7,3.0,3.7,2.9,1.3,0.3,1.4,1.8,7.6
DeAndre Jordan\jordade01,10375678,C,31.0,56.0,6.0,22.0,3.4,5.1,0.6659999999999999,0.0,0.0,0.0,3.4,5.1,0.6659999999999999,0.6659999999999999,1.5,2.2,0.68,2.5,7.5,10.0,1.9,0.3,0.9,1.3,2.0,8.3
DeAndre' Bembry\bembrde01,1737145,SG,25.0,43.0,4.0,21.3,2.4,5.3,0.456,0.3,1.5,0.231,2.1,3.8,0.546,0.489,0.6,1.1,0.542,0.8,2.7,3.5,1.9,1.3,0.4,1.4,2.0,5.8
DeMar DeRozan\derozde01,27739975,SF,30.0,68.0,68.0,34.1,8.2,15.4,0.531,0.1,0.5,0.257,8.1,14.9,0.54,0.535,5.6,6.6,0.845,0.6,4.9,5.5,5.6,1.0,0.3,2.4,2.6,22.1
DeMarre Carroll\carrode01,6167887,SF-C,33.0,24.0,0.0,12.1,1.0,2.8,0.379,0.3,1.4,0.242,0.7,1.4,0.515,0.439,1.2,1.8,0.69,0.5,1.8,2.3,1.0,0.3,0.2,0.7,1.3,3.6
Dean Wade\wadede01,1517981,PF,23.0,12.0,0.0,5.9,0.8,1.1,0.6920000000000001,0.2,0.3,0.5,0.6,0.8,0.778,0.769,0.0,0.1,0.0,0.3,1.3,1.6,0.2,0.2,0.3,0.3,0.7,1.7
Deandre Ayton\aytonde01,10018200,C,21.0,38.0,32.0,32.5,8.2,14.9,0.546,0.1,0.3,0.231,8.1,14.6,0.5529999999999999,0.5479999999999999,1.8,2.3,0.753,3.9,7.6,11.5,1.9,0.7,1.5,2.1,3.1,18.2
Dejounte Murray\murrade01,14285714,PG,23.0,66.0,58.0,25.6,4.5,9.7,0.462,0.6,1.7,0.369,3.8,8.0,0.48100000000000004,0.494,1.4,1.7,0.7979999999999999,1.0,4.8,5.8,4.1,1.7,0.3,1.9,2.2,10.9
Delon Wright\wrighde01,9000000,PG,27.0,73.0,5.0,21.5,2.6,5.6,0.462,0.6,1.7,0.37,2.0,3.9,0.504,0.519,1.1,1.4,0.77,1.0,2.9,3.8,3.3,1.2,0.3,1.0,1.3,6.9
Dennis Schröder\schrode01,15500000,SG,26.0,65.0,2.0,30.8,7.0,14.8,0.469,1.9,5.0,0.385,5.0,9.8,0.513,0.534,3.0,3.6,0.8390000000000001,0.3,3.3,3.6,4.0,0.7,0.2,2.6,2.2,18.9
Dennis Smith Jr.\smithde03,5686677,PG,22.0,34.0,3.0,15.8,2.1,6.2,0.341,0.5,1.6,0.29600000000000004,1.6,4.6,0.35700000000000004,0.379,0.8,1.6,0.509,0.6,1.7,2.3,2.9,0.8,0.2,1.7,1.9,5.5
Denzel Valentine\valende01,4698198,SF,26.0,36.0,5.0,13.6,2.7,6.6,0.409,1.3,3.8,0.336,1.4,2.8,0.51,0.506,0.2,0.2,0.75,0.3,1.8,2.1,1.2,0.7,0.2,0.7,1.4,6.8
Derrick Favors\favorde01,9258000,C,28.0,51.0,49.0,24.4,4.1,6.6,0.617,0.0,0.1,0.14300000000000002,4.1,6.5,0.627,0.618,0.8,1.4,0.563,3.2,6.6,9.8,1.6,0.6,0.9,1.1,2.1,9.0
Derrick Jones Jr.\jonesde02,9268293,SF,22.0,59.0,16.0,23.3,3.1,5.9,0.527,0.6,2.2,0.28,2.5,3.7,0.677,0.58,1.6,2.1,0.772,1.1,2.8,3.9,1.1,1.0,0.6,0.5,2.2,8.5
Derrick Rose\rosede01,7682927,PG,31.0,50.0,15.0,26.0,7.4,15.1,0.49,0.9,2.9,0.306,6.5,12.1,0.535,0.52,2.4,2.8,0.871,0.5,1.9,2.4,5.6,0.8,0.3,2.5,1.0,18.1
Derrick Walton\waltode01,1620564,PG,24.0,26.0,1.0,9.5,0.7,1.5,0.462,0.4,0.9,0.41700000000000004,0.3,0.6,0.5329999999999999,0.59,0.3,0.3,0.778,0.1,0.5,0.6,1.0,0.3,0.0,0.2,0.8,2.0
Derrick White\whitede01,3516284,SG,25.0,68.0,20.0,24.7,3.7,8.1,0.45799999999999996,1.2,3.2,0.366,2.6,4.9,0.518,0.53,2.6,3.1,0.853,0.5,2.8,3.3,3.5,0.6,0.9,1.3,2.2,11.3
Devin Booker\bookede01,29430000,SG,23.0,70.0,70.0,35.9,9.0,18.3,0.489,2.0,5.7,0.354,6.9,12.6,0.5489999999999999,0.544,6.7,7.3,0.919,0.4,3.8,4.2,6.5,0.7,0.3,3.8,3.0,26.6
Devonte' Graham\grahade01,1663861,PG,24.0,63.0,53.0,35.1,5.8,15.3,0.382,3.5,9.3,0.373,2.4,6.0,0.397,0.495,3.0,3.7,0.82,0.7,2.7,3.4,7.5,1.0,0.2,2.9,1.8,18.2
Dewayne Dedmon\dedmode01,2866667,C,30.0,44.0,18.0,17.6,2.3,5.8,0.4,0.5,2.4,0.20600000000000002,1.8,3.4,0.541,0.44299999999999995,0.7,0.8,0.833,1.4,4.3,5.7,0.5,0.6,0.9,1.3,3.0,5.8
Dillon Brooks\brookdi01,11400000,SG,24.0,73.0,73.0,28.9,6.0,14.6,0.40700000000000003,2.0,5.6,0.358,3.9,9.0,0.43799999999999994,0.47600000000000003,2.2,2.8,0.8079999999999999,0.9,2.4,3.3,2.1,0.9,0.4,1.7,3.8,16.2
Dion Waiters\waitedi01,12650000,SG,28.0,10.0,0.0,20.7,4.1,9.9,0.414,1.5,4.7,0.319,2.6,5.2,0.5,0.49,1.4,1.7,0.8240000000000001,0.2,2.2,2.4,2.0,0.4,0.6,1.6,2.1,11.1
Domantas Sabonis\sabondo01,17187500,PF,23.0,62.0,62.0,34.8,7.4,13.7,0.54,0.3,1.1,0.254,7.1,12.6,0.565,0.55,3.5,4.8,0.723,3.0,9.4,12.4,5.0,0.8,0.5,2.7,3.1,18.5
Donovan Mitchell\mitchdo01,5195501,SG,23.0,69.0,69.0,34.3,8.7,19.4,0.449,2.5,6.9,0.366,6.2,12.6,0.494,0.513,4.0,4.7,0.863,0.8,3.6,4.4,4.3,1.0,0.2,2.7,2.5,24.0
Donte DiVincenzo\divindo01,3044160,SG,23.0,66.0,24.0,23.0,3.5,7.7,0.455,1.3,3.7,0.336,2.3,4.0,0.5670000000000001,0.536,1.0,1.3,0.733,1.0,3.8,4.8,2.3,1.3,0.3,1.4,1.7,9.2
Dorian Finney-Smith\finnedo01,4000000,PF,26.0,71.0,68.0,29.9,3.4,7.4,0.466,1.6,4.3,0.376,1.8,3.1,0.589,0.575,1.1,1.5,0.722,2.0,3.7,5.7,1.6,0.6,0.5,1.0,2.5,9.5
Doug McDermott\mcderdo01,7333333,PF,28.0,69.0,0.0,19.9,3.9,7.9,0.488,1.9,4.3,0.435,2.0,3.7,0.5489999999999999,0.605,0.7,0.8,0.828,0.4,2.1,2.5,1.1,0.2,0.1,0.6,1.7,10.3
Draymond Green\greendr01,22246956,PF,29.0,43.0,43.0,28.4,2.9,7.3,0.389,0.8,3.0,0.27899999999999997,2.0,4.3,0.465,0.446,1.5,1.9,0.759,0.5,5.7,6.2,6.2,1.4,0.8,2.3,2.6,8.0
Drew Eubanks\eubandr01,1620564,C,22.0,22.0,3.0,12.4,2.0,3.0,0.642,0.0,0.0,1.0,1.9,3.0,0.636,0.649,0.9,1.2,0.769,1.3,2.6,3.9,0.7,0.2,0.8,1.0,1.7,4.9
Duncan Robinson\robindu01,1663861,SG,25.0,73.0,68.0,29.7,4.4,9.4,0.47,3.7,8.3,0.446,0.7,1.1,0.654,0.667,0.9,1.0,0.9309999999999999,0.1,3.0,3.2,1.4,0.5,0.3,1.0,2.6,13.5
Dwayne Bacon\bacondw01,1678854,SG,24.0,39.0,11.0,17.6,2.2,6.3,0.348,0.5,1.7,0.284,1.7,4.5,0.373,0.387,0.9,1.4,0.66,0.4,2.2,2.6,1.3,0.6,0.1,0.9,1.3,5.7
Dwight Howard\howardw01,2564753,C,34.0,69.0,2.0,18.9,2.9,4.0,0.7290000000000001,0.0,0.1,0.6,2.9,3.9,0.732,0.735,1.6,3.1,0.514,2.5,4.9,7.3,0.7,0.4,1.1,1.2,3.2,7.5
Dwight Powell\poweldw01,10185185,C,28.0,40.0,37.0,26.5,3.7,5.7,0.638,0.3,1.0,0.256,3.4,4.8,0.716,0.659,1.9,2.8,0.667,1.9,3.8,5.7,1.5,0.9,0.6,0.9,2.6,9.4
Dāvis Bertāns\bertada01,13793103,PF,27.0,54.0,4.0,29.3,4.9,11.3,0.434,3.7,8.7,0.424,1.2,2.6,0.47100000000000003,0.598,1.9,2.3,0.852,0.6,3.9,4.5,1.7,0.7,0.6,1.1,2.6,15.4
Džanan Musa\musadz01,2002800,SF,20.0,40.0,0.0,12.2,1.6,4.3,0.37200000000000005,0.5,2.0,0.244,1.1,2.4,0.479,0.42700000000000005,1.1,1.5,0.75,0.5,1.6,2.2,1.1,0.4,0.0,0.9,0.8,4.8
E'Twaun Moore\mooreet01,2331593,SG,30.0,56.0,6.0,18.2,3.3,7.8,0.426,1.1,3.0,0.377,2.2,4.8,0.456,0.498,0.6,0.8,0.6890000000000001,0.6,1.8,2.3,1.4,0.6,0.2,0.7,1.4,8.3
Ed Davis\davised01,5005350,C,30.0,28.0,1.0,10.8,0.8,1.6,0.478,0.0,0.0,0.0,0.8,1.6,0.478,0.478,0.3,0.5,0.5,1.3,2.5,3.8,0.4,0.4,0.3,0.5,2.2,1.8
Edmond Sumner\sumneed01,2160000,SG,24.0,31.0,3.0,14.4,2.0,4.6,0.43,0.5,1.7,0.264,1.5,2.9,0.528,0.479,0.5,0.9,0.552,0.4,1.1,1.5,1.8,0.5,0.3,0.7,1.4,4.9
Elfrid Payton\paytoel01,4760000,PG,25.0,45.0,36.0,27.7,4.3,9.8,0.439,0.3,1.5,0.203,4.0,8.2,0.48200000000000004,0.455,1.1,1.9,0.57,1.2,3.6,4.7,7.2,1.6,0.4,2.1,2.0,10.0
Elfrid Payton\paytoel01,1000000,PG,25.0,45.0,36.0,27.7,4.3,9.8,0.439,0.3,1.5,0.203,4.0,8.2,0.48200000000000004,0.455,1.1,1.9,0.57,1.2,3.6,4.7,7.2,1.6,0.4,2.1,2.0,10.0
Enes Kanter\kanteen01,5005350,C,27.0,58.0,7.0,16.9,3.4,6.0,0.5720000000000001,0.0,0.1,0.14300000000000002,3.4,5.9,0.581,0.573,1.2,1.7,0.7070000000000001,2.8,4.6,7.4,1.0,0.4,0.7,1.0,1.7,8.1
Eric Bledsoe\bledser01,16875000,PG,30.0,61.0,61.0,27.0,5.5,11.5,0.475,1.2,3.5,0.344,4.3,8.0,0.5329999999999999,0.528,2.8,3.5,0.79,0.7,3.9,4.6,5.4,0.9,0.4,2.4,2.1,14.9
Eric Gordon\gordoer01,16869276,SF,31.0,36.0,15.0,28.2,4.8,12.9,0.369,2.7,8.4,0.317,2.1,4.4,0.469,0.473,2.3,3.0,0.7659999999999999,0.3,1.7,2.0,1.5,0.6,0.4,1.2,1.9,14.4
Eric Paschall\pascher01,1517981,PF,23.0,60.0,26.0,27.6,5.3,10.7,0.49700000000000005,0.6,2.2,0.287,4.7,8.5,0.55,0.526,2.7,3.5,0.774,1.4,3.2,4.6,2.1,0.5,0.2,1.6,2.1,14.0
Evan Fournier\fournev01,17000000,SF,27.0,66.0,66.0,31.5,6.6,14.1,0.467,2.6,6.6,0.39899999999999997,4.0,7.5,0.527,0.56,2.7,3.3,0.818,0.3,2.3,2.6,3.2,1.1,0.2,1.9,2.4,18.5
Frank Kaminsky\kaminfr01,1882867,C,26.0,39.0,13.0,19.9,3.5,7.9,0.45,1.1,3.2,0.331,2.5,4.7,0.53,0.516,1.6,2.3,0.6779999999999999,0.9,3.6,4.5,1.9,0.4,0.3,0.9,1.9,9.7
Frank Ntilikina\ntilila01,6176578,PG,21.0,57.0,26.0,20.8,2.3,5.8,0.39299999999999996,0.8,2.4,0.321,1.5,3.4,0.444,0.45899999999999996,0.9,1.0,0.8640000000000001,0.4,1.7,2.1,3.0,0.9,0.3,1.2,2.5,6.3
Fred VanVleet\vanvlfr01,21250000,SG,25.0,54.0,54.0,35.7,5.9,14.3,0.413,2.7,6.9,0.39,3.2,7.4,0.434,0.507,3.1,3.7,0.848,0.3,3.4,3.8,6.6,1.9,0.3,2.2,2.4,17.6
Furkan Korkmaz\korkmfu01,1762796,SG,22.0,72.0,12.0,21.7,3.4,7.8,0.43,2.0,4.9,0.402,1.4,2.9,0.478,0.557,1.1,1.4,0.755,0.3,2.1,2.3,1.1,0.6,0.2,0.8,1.4,9.8
Garrett Temple\templga01,4767000,SG,33.0,62.0,35.0,27.9,3.6,9.5,0.37799999999999995,2.0,6.2,0.32899999999999996,1.5,3.2,0.473,0.486,1.1,1.4,0.805,0.5,3.0,3.5,2.5,0.8,0.5,1.0,1.7,10.3
Gary Clark\clarkga01,1944677,SF-PF,25.0,42.0,5.0,13.5,1.3,3.2,0.406,0.9,2.6,0.35100000000000003,0.4,0.5,0.682,0.5529999999999999,0.2,0.2,0.9,0.9,1.7,2.6,0.4,0.1,0.5,0.2,1.1,3.7
Gary Harris\harriga01,19160714,SG,25.0,56.0,55.0,31.8,3.9,9.3,0.42,1.3,3.8,0.33299999999999996,2.6,5.5,0.479,0.48700000000000004,1.3,1.6,0.815,0.5,2.4,2.9,2.1,1.4,0.3,1.1,2.1,10.4
Gary Trent Jr.\trentga02,1663861,SF,21.0,61.0,8.0,21.8,3.2,7.2,0.444,1.8,4.4,0.418,1.4,2.8,0.486,0.5710000000000001,0.6,0.7,0.8220000000000001,0.4,1.2,1.6,1.0,0.8,0.3,0.3,1.5,8.9
George Hill\hillge01,9590602,PG,33.0,59.0,2.0,21.5,3.3,6.4,0.516,1.4,3.0,0.46,1.9,3.4,0.565,0.624,1.4,1.7,0.8420000000000001,0.8,2.2,3.0,3.1,0.8,0.1,1.0,1.4,9.4
Georges Niang\niangge01,1783557,PF,26.0,66.0,1.0,14.0,2.1,4.9,0.43799999999999994,1.4,3.4,0.4,0.8,1.5,0.526,0.578,0.3,0.4,0.833,0.2,1.7,1.9,0.7,0.3,0.1,0.5,1.1,5.9
Giannis Antetokounmpo\antetgi01,27528090,PF,25.0,63.0,63.0,30.4,10.9,19.7,0.5529999999999999,1.4,4.7,0.304,9.5,15.0,0.631,0.589,6.3,10.0,0.633,2.2,11.4,13.6,5.6,1.0,1.0,3.7,3.1,29.5
Glenn Robinson III\robingl02,2028594,SF,26.0,62.0,52.0,28.8,4.6,9.5,0.486,1.2,3.2,0.391,3.4,6.4,0.534,0.552,1.2,1.4,0.86,1.3,3.0,4.4,1.5,0.9,0.3,0.9,1.6,11.7
Goga Bitadze\bitadgo01,2957520,C,20.0,54.0,2.0,8.7,1.3,2.8,0.467,0.1,0.8,0.19,1.1,2.0,0.574,0.493,0.4,0.6,0.727,0.5,1.5,2.0,0.4,0.2,0.7,0.5,1.2,3.2
Goran Dragić\dragigo01,18000000,PG,33.0,59.0,3.0,28.2,5.4,12.3,0.441,2.1,5.7,0.36700000000000005,3.3,6.5,0.505,0.526,3.2,4.2,0.7759999999999999,0.5,2.7,3.2,5.1,0.7,0.2,2.4,2.1,16.2
Gordon Hayward\haywago01,28500000,SF,29.0,52.0,52.0,33.5,6.7,13.5,0.5,1.6,4.3,0.38299999999999995,5.1,9.2,0.5539999999999999,0.561,2.4,2.8,0.855,1.1,5.6,6.7,4.1,0.7,0.4,1.8,1.8,17.5
Gorgui Dieng\dienggo01,17287640,C,30.0,63.0,17.0,17.4,2.6,5.8,0.456,0.9,2.4,0.355,1.8,3.4,0.528,0.53,1.2,1.6,0.772,1.4,4.2,5.6,1.2,0.8,0.9,1.0,2.0,7.4
Grant Williams\willigr01,2498760,PF,21.0,69.0,5.0,15.1,1.3,3.1,0.41200000000000003,0.3,1.4,0.25,0.9,1.7,0.5479999999999999,0.469,0.6,0.8,0.722,0.9,1.7,2.6,1.0,0.4,0.5,0.7,2.4,3.4
Grayson Allen\allengr01,2545320,SG,24.0,38.0,0.0,18.9,3.1,6.6,0.466,1.5,3.7,0.40399999999999997,1.6,2.9,0.545,0.58,1.0,1.2,0.867,0.2,2.0,2.2,1.4,0.3,0.1,0.9,1.4,8.7
Hamidou Diallo\diallha01,1663861,SF,21.0,46.0,3.0,19.5,2.9,6.4,0.446,0.3,1.2,0.281,2.5,5.2,0.485,0.473,0.8,1.4,0.603,1.0,2.7,3.6,0.8,0.8,0.2,1.1,2.2,6.9
Harrison Barnes\barneha02,22215909,PF,27.0,72.0,72.0,34.5,5.1,11.0,0.46,1.4,3.7,0.381,3.7,7.3,0.501,0.525,3.0,3.7,0.8009999999999999,1.1,3.9,4.9,2.2,0.6,0.2,1.2,1.3,14.5
Harry Giles\gilesha01,1678854,C,21.0,46.0,17.0,14.5,3.0,5.5,0.5539999999999999,0.0,0.0,0.0,3.0,5.4,0.5579999999999999,0.5539999999999999,0.8,1.1,0.7759999999999999,0.9,3.2,4.1,1.3,0.5,0.4,1.0,2.6,6.9
Hassan Whiteside\whiteha01,2320044,C,30.0,67.0,61.0,30.0,6.5,10.5,0.621,0.1,0.1,0.5710000000000001,6.4,10.4,0.622,0.624,2.4,3.6,0.6859999999999999,3.9,9.7,13.5,1.2,0.4,2.9,1.8,2.9,15.5
Henry Ellenson\ellenhe01,1737145,C,23.0,5.0,0.0,3.0,0.2,1.4,0.14300000000000002,0.0,0.8,0.0,0.2,0.6,0.33299999999999996,0.14300000000000002,0.0,0.0,0.0,0.4,0.8,1.2,0.2,0.0,0.0,0.0,0.2,0.4
Ignas Brazdeikis\brazdig01,1517981,SF,21.0,9.0,0.0,5.9,0.7,2.4,0.273,0.1,1.0,0.111,0.6,1.4,0.385,0.295,0.4,0.6,0.8,0.2,0.3,0.6,0.4,0.0,0.1,0.2,0.3,1.9
Isaac Bonga\bongais01,1663861,SF,20.0,66.0,49.0,18.9,1.8,3.5,0.504,0.4,1.1,0.35200000000000004,1.4,2.5,0.5710000000000001,0.5579999999999999,1.0,1.3,0.812,1.1,2.3,3.4,1.2,0.7,0.3,0.9,2.4,5.0
Isaiah Hartenstein\harteis01,1445697,C,21.0,23.0,2.0,11.6,1.9,2.9,0.657,0.0,0.2,0.0,1.9,2.7,0.71,0.657,0.8,1.2,0.679,1.3,2.7,3.9,0.8,0.4,0.5,0.7,1.8,4.7
Isaiah Roby\robyis01,1517981,PF,21.0,3.0,0.0,3.7,0.0,0.3,0.0,0.0,0.0,0.0,0.0,0.3,0.0,0.0,0.0,0.0,0.0,0.0,0.7,0.7,0.0,0.0,0.0,0.3,0.3,0.0
Ish Smith\smithis01,6146341,PG,31.0,68.0,23.0,26.3,4.5,10.1,0.447,0.9,2.5,0.36700000000000005,3.6,7.6,0.473,0.49200000000000005,0.9,1.3,0.721,0.4,2.8,3.2,4.9,0.9,0.4,1.4,1.6,10.9
Ivica Zubac\zubaciv01,7000000,C,22.0,72.0,70.0,18.4,3.3,5.3,0.613,0.0,0.0,0.0,3.3,5.3,0.616,0.613,1.7,2.3,0.747,2.7,4.8,7.5,1.1,0.2,0.9,0.8,2.3,8.3
J.J. Barea\bareajo01,2564753,PG,35.0,29.0,6.0,15.5,2.9,7.1,0.41100000000000003,1.1,2.9,0.376,1.8,4.2,0.434,0.488,0.7,0.8,0.909,0.3,1.5,1.8,3.9,0.2,0.1,1.3,0.9,7.7
J.J. Redick\redicjj01,13013700,SG,35.0,60.0,36.0,26.4,4.8,10.5,0.45299999999999996,3.0,6.6,0.45299999999999996,1.8,3.9,0.45299999999999996,0.596,2.8,3.1,0.892,0.2,2.4,2.5,2.0,0.3,0.2,1.3,1.6,15.3
J.R. Smith\smithjr01,1456667,SG,34.0,6.0,0.0,13.2,1.2,3.7,0.318,0.2,1.8,0.091,1.0,1.8,0.545,0.341,0.3,0.3,1.0,0.0,0.8,0.8,0.5,0.2,0.0,0.7,0.8,2.8
Ja Morant\moranja01,9166800,PG,20.0,67.0,67.0,31.0,6.7,14.0,0.47700000000000004,0.9,2.7,0.335,5.8,11.3,0.511,0.509,3.6,4.6,0.7759999999999999,0.8,3.1,3.9,7.3,0.9,0.3,3.3,1.6,17.8
JaKarr Sampson\sampsja02,1882867,PF,26.0,34.0,12.0,13.9,2.0,3.4,0.591,0.1,0.4,0.154,1.9,3.0,0.647,0.6,0.5,0.8,0.667,0.6,2.0,2.6,0.6,0.5,0.4,0.4,1.9,4.6
JaMychal Green\greenja01,7199760,PF,29.0,63.0,1.0,20.7,2.4,5.6,0.429,1.5,3.8,0.387,0.9,1.8,0.518,0.56,0.6,0.8,0.75,1.2,4.9,6.2,0.8,0.5,0.4,0.9,2.8,6.8
JaVale McGee\mcgeeja01,4200000,C,32.0,68.0,68.0,16.6,2.9,4.5,0.637,0.0,0.1,0.5,2.8,4.4,0.64,0.642,0.8,1.2,0.6459999999999999,1.8,3.9,5.7,0.5,0.5,1.4,0.8,2.3,6.6
Jabari Parker\parkeja01,6500000,PF,24.0,38.0,23.0,24.1,5.8,11.3,0.51,0.8,3.1,0.26899999999999996,4.9,8.2,0.603,0.5479999999999999,1.6,2.1,0.753,1.6,4.0,5.6,1.8,1.2,0.4,1.7,2.6,14.0
Jacob Evans\evansja02,2017320,SG,22.0,29.0,1.0,14.4,1.6,4.6,0.336,0.4,1.3,0.33299999999999996,1.1,3.3,0.337,0.384,0.9,1.0,0.862,0.3,1.1,1.4,1.1,0.4,0.4,0.9,1.4,4.4
Jae Crowder\crowdja01,9258000,SF-PF,29.0,65.0,53.0,28.8,3.5,8.7,0.401,2.1,6.1,0.34299999999999997,1.4,2.6,0.5379999999999999,0.521,1.5,1.9,0.7759999999999999,0.8,5.1,5.9,2.5,1.1,0.4,1.1,2.2,10.5
Jahlil Okafor\okafoja01,1882867,C,24.0,30.0,9.0,15.6,3.4,5.4,0.623,0.0,0.1,0.33299999999999996,3.3,5.3,0.629,0.627,1.3,2.1,0.645,1.6,2.6,4.2,1.2,0.2,0.7,1.3,2.2,8.1
Jake Layman\laymaja01,3761085,SF,25.0,23.0,2.0,22.0,3.5,7.8,0.45299999999999996,1.0,3.1,0.33299999999999996,2.5,4.7,0.5329999999999999,0.52,1.0,1.4,0.75,0.7,1.7,2.5,0.7,0.7,0.4,1.0,2.0,9.1
Jakob Poeltl\poeltja01,8101852,C,24.0,66.0,18.0,17.7,2.5,4.0,0.624,0.0,0.0,0.0,2.5,4.0,0.624,0.624,0.6,1.3,0.465,2.0,3.7,5.7,1.8,0.6,1.4,0.8,1.9,5.6
Jalen Brunson\brunsja01,1663861,PG,23.0,57.0,16.0,17.9,3.2,6.8,0.466,0.8,2.1,0.358,2.4,4.7,0.515,0.522,1.1,1.3,0.813,0.4,2.0,2.4,3.3,0.4,0.1,1.2,1.3,8.2
Jalen Lecque\lecquja01,1517981,SG,19.0,5.0,0.0,6.4,0.8,2.0,0.4,0.0,0.8,0.0,0.8,1.2,0.667,0.4,0.4,0.4,1.0,0.0,0.4,0.4,0.4,0.0,0.0,0.4,0.6,2.0
Jalen McDaniels\mcdanja01,1517981,SF,22.0,16.0,0.0,18.3,2.1,4.4,0.47100000000000003,0.6,1.5,0.375,1.5,2.9,0.522,0.536,0.9,1.1,0.8240000000000001,0.9,3.1,4.1,0.8,0.5,0.2,0.7,2.3,5.6
Jamal Murray\murraja01,29250000,PG,22.0,59.0,59.0,32.3,6.9,15.2,0.456,1.9,5.5,0.34600000000000003,5.0,9.7,0.519,0.519,2.8,3.1,0.8809999999999999,0.8,3.2,4.0,4.8,1.1,0.3,2.2,1.7,18.5
James Ennis\ennisja01,3300000,SF-SG,29.0,69.0,18.0,18.3,2.3,5.2,0.446,0.8,2.4,0.325,1.5,2.8,0.5529999999999999,0.522,1.1,1.4,0.8059999999999999,1.0,2.5,3.6,0.9,0.5,0.3,0.8,2.0,6.6
James Harden\hardeja01,40824000,SG,30.0,68.0,68.0,36.5,9.9,22.3,0.444,4.4,12.4,0.355,5.5,9.9,0.556,0.5429999999999999,10.2,11.8,0.865,1.0,5.5,6.6,7.5,1.8,0.9,4.5,3.3,34.3
James Johnson\johnsja01,16047100,PF-C,32.0,32.0,1.0,19.3,3.2,6.7,0.479,1.0,2.8,0.363,2.2,3.9,0.565,0.556,1.0,1.5,0.6459999999999999,0.8,2.9,3.7,2.3,0.8,1.0,1.5,2.5,8.4
Jared Dudley\dudleja01,2564753,PF,34.0,45.0,1.0,8.1,0.5,1.3,0.4,0.4,0.9,0.429,0.1,0.4,0.33299999999999996,0.55,0.0,0.0,1.0,0.1,1.0,1.2,0.6,0.3,0.1,0.2,0.9,1.5
Jaren Jackson Jr.\jacksja02,7257360,C,20.0,57.0,57.0,28.5,6.2,13.2,0.469,2.5,6.5,0.39399999999999996,3.6,6.8,0.54,0.565,2.4,3.3,0.747,1.0,3.6,4.6,1.4,0.7,1.6,1.7,4.1,17.4
Jarred Vanderbilt\vandeja01,1663861,PF,20.0,11.0,0.0,4.2,0.5,0.7,0.625,0.0,0.1,0.0,0.5,0.6,0.7140000000000001,0.625,0.2,0.2,1.0,0.3,0.5,0.8,0.2,0.3,0.1,0.6,0.5,1.1
Jarrett Allen\allenja01,3909902,C,21.0,70.0,64.0,26.5,4.3,6.6,0.649,0.0,0.1,0.0,4.3,6.6,0.6579999999999999,0.649,2.4,3.9,0.633,3.1,6.5,9.6,1.6,0.6,1.3,1.1,2.3,11.1
Jarrett Culver\culveja01,6104280,SG,20.0,63.0,35.0,23.9,3.7,9.0,0.40399999999999997,1.0,3.5,0.299,2.6,5.5,0.47100000000000003,0.462,0.9,1.9,0.462,1.1,2.3,3.4,1.7,0.9,0.6,1.3,2.0,9.2
Jarrod Uthoff\uthofja01,1620564,PF,26.0,7.0,0.0,7.6,1.0,2.6,0.389,0.4,1.3,0.33299999999999996,0.6,1.3,0.444,0.47200000000000003,0.3,0.3,1.0,0.3,0.6,0.9,0.0,0.1,0.0,0.0,0.3,2.7
Javonte Green\greenja02,1517981,SG,26.0,48.0,2.0,9.8,1.3,2.6,0.5,0.2,0.7,0.273,1.1,1.9,0.581,0.536,0.6,0.9,0.667,0.5,1.4,1.9,0.5,0.5,0.2,0.5,0.9,3.4
Jaxson Hayes\hayesja02,5105160,C,19.0,64.0,14.0,16.9,2.7,4.0,0.672,0.0,0.1,0.25,2.7,4.0,0.6779999999999999,0.674,1.9,3.0,0.647,1.5,2.5,4.0,0.9,0.4,0.9,0.8,2.5,7.4
Jaylen Brown\brownja02,22991071,SG,23.0,57.0,57.0,33.9,7.5,15.6,0.48100000000000004,2.3,5.9,0.382,5.2,9.6,0.5429999999999999,0.5539999999999999,3.1,4.3,0.7240000000000001,1.1,5.3,6.4,2.1,1.1,0.4,2.2,2.9,20.3
Jaylen Nowell\nowelja01,1517981,SG,20.0,15.0,0.0,10.1,1.3,3.5,0.358,0.2,1.7,0.115,1.1,1.8,0.593,0.387,1.1,1.1,0.941,0.2,0.7,0.9,1.3,0.2,0.1,0.2,0.7,3.8
Jayson Tatum\tatumja01,9897120,PF,21.0,66.0,66.0,34.3,8.4,18.6,0.45,2.9,7.1,0.40299999999999997,5.5,11.5,0.48,0.527,3.8,4.7,0.812,1.0,6.0,7.0,3.0,1.4,0.9,2.3,2.1,23.4
Jeff Green\greenje02,2564753,PF-C,33.0,48.0,4.0,20.0,3.3,7.2,0.462,1.3,3.8,0.33899999999999997,2.0,3.4,0.602,0.552,1.5,1.9,0.802,0.5,2.3,2.8,1.0,0.5,0.4,0.9,1.9,9.4
Jeff Teague\teaguje01,2564753,PG,31.0,59.0,17.0,24.8,3.6,8.3,0.436,0.7,2.0,0.368,2.9,6.3,0.457,0.48,2.9,3.3,0.873,0.5,1.9,2.4,5.2,0.7,0.3,2.0,1.8,10.9
Jerami Grant\grantje01,19047619,PF,25.0,71.0,24.0,26.6,4.3,8.9,0.478,1.4,3.5,0.389,2.9,5.4,0.537,0.555,2.1,2.8,0.75,0.8,2.7,3.5,1.2,0.7,0.8,0.9,2.2,12.0
Jeremy Lamb\lambje01,10500000,SG,27.0,46.0,42.0,28.1,4.7,10.4,0.451,1.2,3.4,0.335,3.5,7.0,0.508,0.506,2.0,2.4,0.836,0.5,3.8,4.3,2.1,1.2,0.5,1.1,2.3,12.5
Jerian Grant\grantje02,1882867,SG,27.0,6.0,0.0,13.3,1.7,4.5,0.37,0.3,1.3,0.25,1.3,3.2,0.42100000000000004,0.40700000000000003,0.8,1.2,0.7140000000000001,0.3,0.7,1.0,1.5,0.2,0.2,0.5,1.8,4.5
Jerome Robinson\robinje01,3737520,SG,22.0,63.0,6.0,15.5,1.8,4.9,0.371,0.8,2.4,0.32,1.0,2.5,0.42,0.45,0.6,0.9,0.7020000000000001,0.2,1.8,2.0,1.4,0.4,0.3,0.8,1.8,5.1
Jevon Carter\carteje01,3549383,PG,24.0,58.0,2.0,16.3,1.7,4.2,0.41600000000000004,1.1,2.5,0.425,0.7,1.7,0.402,0.5429999999999999,0.4,0.5,0.852,0.5,1.5,2.0,1.4,0.8,0.3,0.6,1.5,4.9
Jimmy Butler\butleji01,34379100,SF,30.0,58.0,58.0,33.8,5.9,13.1,0.455,0.5,2.1,0.244,5.4,11.0,0.495,0.474,7.6,9.1,0.8340000000000001,1.8,4.8,6.7,6.0,1.8,0.6,2.2,1.4,19.9
Joakim Noah\noahjo01,6431666,C,34.0,5.0,0.0,10.0,0.8,1.6,0.5,0.0,0.0,0.0,0.8,1.6,0.5,0.5,1.2,1.6,0.75,1.0,2.2,3.2,1.4,0.2,0.2,1.2,1.8,2.8
Joe Harris\harrijo01,16071429,SF,28.0,69.0,69.0,30.8,5.5,11.4,0.486,2.5,5.9,0.424,3.0,5.5,0.5529999999999999,0.596,0.9,1.3,0.7190000000000001,0.9,3.4,4.3,2.1,0.6,0.2,1.5,2.3,14.5
Joe Ingles\inglejo01,10863637,PF,32.0,72.0,45.0,29.7,3.4,7.7,0.445,2.0,4.9,0.39899999999999997,1.5,2.8,0.525,0.5720000000000001,1.0,1.3,0.787,0.4,3.5,3.9,5.2,0.9,0.2,2.0,2.1,9.8
Joel Embiid\embiijo01,29542010,C,25.0,51.0,51.0,29.5,7.5,15.7,0.47700000000000004,1.1,3.4,0.331,6.4,12.3,0.517,0.512,6.9,8.5,0.807,2.8,8.9,11.6,3.0,0.9,1.3,3.1,3.4,23.0
John Collins\collijo01,4137302,PF,22.0,41.0,41.0,33.2,8.6,14.8,0.583,1.4,3.6,0.401,7.2,11.2,0.642,0.632,2.9,3.7,0.8,2.8,7.3,10.1,1.5,0.8,1.6,1.8,3.4,21.6
John Konchar\konchjo01,2093023,SG,23.0,19.0,0.0,9.5,1.3,1.9,0.649,0.3,0.5,0.5,1.0,1.4,0.7040000000000001,0.716,0.1,0.1,0.5,0.9,1.5,2.5,1.2,0.4,0.2,0.4,0.4,2.8
Jonas Valančiūnas\valanjo01,15000000,C,27.0,70.0,70.0,26.4,6.2,10.6,0.585,0.5,1.3,0.35200000000000004,5.7,9.3,0.617,0.606,2.1,2.9,0.74,3.0,8.2,11.3,1.9,0.4,1.1,1.8,2.6,14.9
Jonathan Isaac\isaacjo01,7362566,PF,22.0,34.0,32.0,28.8,4.6,9.8,0.47,0.9,2.8,0.34,3.6,7.0,0.521,0.518,1.8,2.3,0.779,1.7,5.1,6.8,1.4,1.6,2.3,1.4,2.4,11.9
Jordan Clarkson\clarkjo01,11500000,SG,27.0,71.0,2.0,24.0,5.5,12.2,0.45399999999999996,2.1,5.8,0.368,3.4,6.4,0.5329999999999999,0.542,1.9,2.3,0.836,0.7,1.9,2.6,1.9,0.6,0.2,1.4,1.5,15.2
Jordan Poole\poolejo01,2063280,SG,20.0,57.0,14.0,22.4,2.9,8.8,0.33299999999999996,1.3,4.6,0.27899999999999997,1.6,4.2,0.392,0.406,1.7,2.1,0.7979999999999999,0.2,1.9,2.1,2.4,0.6,0.2,1.3,1.6,8.8
Josh Gray\grayjo01,1620564,PG,26.0,2.0,0.0,11.5,0.5,1.0,0.5,0.0,0.0,0.0,0.5,1.0,0.5,0.5,0.0,0.0,0.0,0.5,0.5,1.0,1.0,0.0,0.0,2.5,0.5,1.0
Josh Hart\hartjo01,3491159,SF,24.0,65.0,16.0,27.0,3.5,8.2,0.423,1.9,5.4,0.342,1.6,2.7,0.584,0.537,1.3,1.8,0.7390000000000001,0.9,5.6,6.5,1.7,1.0,0.4,1.2,2.5,10.1
Josh Jackson\jacksjo02,4767000,SF,22.0,22.0,0.0,17.3,3.2,7.2,0.44,1.0,3.3,0.319,2.1,4.0,0.54,0.513,1.6,2.3,0.7,0.5,2.5,3.0,1.6,0.8,0.4,1.3,1.8,9.0
Josh Okogie\okogijo01,2651040,SG,21.0,62.0,28.0,25.0,2.7,6.4,0.42700000000000005,0.7,2.5,0.266,2.1,3.9,0.529,0.479,2.5,3.1,0.7959999999999999,1.4,2.9,4.3,1.6,1.1,0.4,1.4,2.2,8.6
Josh Richardson\richajo01,10800000,SG,26.0,55.0,53.0,30.8,5.1,11.7,0.43,1.5,4.5,0.341,3.5,7.2,0.486,0.496,2.1,2.6,0.809,0.7,2.4,3.2,2.9,0.9,0.7,1.9,2.5,13.7
Jrue Holiday\holidjr01,26131111,SG,29.0,61.0,61.0,34.7,7.5,16.5,0.455,2.0,5.7,0.353,5.5,10.8,0.509,0.516,2.1,3.0,0.7090000000000001,1.3,3.5,4.8,6.7,1.6,0.8,3.0,2.4,19.1
Juan Hernangómez\hernaju01,6493000,PF,24.0,48.0,14.0,17.4,2.1,5.1,0.405,0.9,2.7,0.341,1.2,2.5,0.475,0.494,0.9,1.5,0.62,0.9,3.2,4.1,0.8,0.4,0.2,0.7,1.3,6.0
Juan Toscano-Anderson\toscaju01,1517981,SG,26.0,13.0,6.0,20.9,2.2,4.8,0.46,0.6,1.8,0.348,1.6,3.1,0.525,0.524,0.2,0.4,0.6,0.7,3.3,4.0,2.0,1.0,0.4,1.2,2.3,5.3
Julius Randle\randlju01,18900000,PF,25.0,64.0,64.0,32.5,7.2,15.7,0.46,1.0,3.6,0.27699999999999997,6.2,12.1,0.515,0.49200000000000005,4.0,5.5,0.733,2.4,7.4,9.7,3.1,0.8,0.3,3.0,2.8,19.5
Justin Anderson\anderju01,1882867,SG,26.0,10.0,1.0,10.7,1.0,3.8,0.263,0.6,2.9,0.207,0.4,0.9,0.444,0.342,0.2,0.4,0.5,0.1,2.0,2.1,0.8,0.0,0.6,0.4,1.3,2.8
Justin Holiday\holidju01,5720400,SF,30.0,73.0,6.0,25.0,2.8,6.7,0.428,1.8,4.5,0.405,1.0,2.1,0.47700000000000004,0.5660000000000001,0.7,0.9,0.7909999999999999,0.4,2.8,3.3,1.3,1.2,0.6,0.6,1.9,8.3
Justin Jackson\jacksju01,5029650,PF,24.0,65.0,3.0,16.1,2.1,5.2,0.396,0.7,2.5,0.294,1.3,2.7,0.489,0.466,0.6,0.8,0.84,0.4,2.0,2.4,0.8,0.2,0.2,0.2,1.1,5.5
Justin James\jamesju01,1517981,SF,23.0,36.0,0.0,6.4,1.0,2.3,0.41700000000000004,0.3,0.8,0.31,0.7,1.5,0.473,0.47,0.3,0.6,0.47600000000000003,0.2,0.7,0.9,0.5,0.2,0.3,0.2,0.5,2.5
Justise Winslow\winslju01,13000000,SG,23.0,11.0,5.0,32.0,4.5,11.7,0.38799999999999996,0.5,2.5,0.222,4.0,9.3,0.431,0.41100000000000003,1.6,2.5,0.667,1.5,5.2,6.6,4.0,0.6,0.5,2.2,3.5,11.3
Jusuf Nurkić\nurkiju01,12000000,C,25.0,8.0,8.0,31.6,6.8,13.6,0.495,0.3,1.3,0.2,6.5,12.4,0.525,0.505,3.9,4.4,0.8859999999999999,2.9,7.4,10.3,4.0,1.4,2.0,2.4,4.9,17.6
KZ Okpala\okpalkz01,1517981,PF,20.0,5.0,0.0,5.2,0.6,1.0,0.6,0.0,0.2,0.0,0.6,0.8,0.75,0.6,0.2,0.4,0.5,0.2,0.8,1.0,0.2,0.4,0.2,0.2,0.4,1.4
Karl-Anthony Towns\townska01,29430000,C,24.0,35.0,35.0,33.9,9.0,17.8,0.508,3.3,7.9,0.41200000000000003,5.8,9.9,0.586,0.6,5.1,6.5,0.7959999999999999,2.7,8.1,10.8,4.4,0.9,1.2,3.1,3.3,26.5
Kawhi Leonard\leonaka01,34379100,SF,28.0,57.0,57.0,32.4,9.3,19.9,0.47,2.2,5.7,0.37799999999999995,7.2,14.2,0.506,0.524,6.2,7.1,0.8859999999999999,0.9,6.1,7.1,4.9,1.8,0.6,2.6,2.0,27.1
Keldon Johnson\johnske04,2048040,SF,20.0,17.0,1.0,17.7,3.1,5.2,0.596,0.8,1.3,0.591,2.4,3.9,0.597,0.669,2.1,2.6,0.795,0.6,2.8,3.4,0.9,0.8,0.1,0.8,1.6,9.1
Kelly Olynyk\olynyke01,12198243,C,28.0,67.0,9.0,19.4,2.7,5.9,0.462,1.4,3.5,0.406,1.3,2.4,0.5429999999999999,0.5820000000000001,1.3,1.5,0.86,0.7,3.9,4.6,1.7,0.7,0.3,1.1,2.6,8.2
Kelly Oubre Jr.\oubreke01,14375000,SF,24.0,56.0,55.0,34.5,6.7,14.8,0.452,1.9,5.5,0.35200000000000004,4.7,9.3,0.511,0.517,3.4,4.4,0.78,1.2,5.3,6.4,1.5,1.3,0.7,1.5,3.4,18.7
Kemba Walker\walkeke02,34379100,PG,29.0,56.0,56.0,31.1,6.8,15.9,0.425,3.2,8.4,0.381,3.5,7.4,0.47600000000000003,0.526,3.7,4.3,0.8640000000000001,0.6,3.2,3.9,4.8,0.9,0.5,2.1,1.6,20.4
Kendrick Nunn\nunnke01,1663861,PG,24.0,67.0,67.0,29.3,6.0,13.6,0.439,2.0,5.8,0.35,3.9,7.8,0.505,0.514,1.3,1.5,0.85,0.3,2.4,2.7,3.3,0.8,0.2,1.7,2.3,15.3
Kenrich Williams\willike04,2000000,PF,25.0,39.0,18.0,21.3,1.3,3.8,0.34700000000000003,0.6,2.5,0.258,0.7,1.3,0.52,0.43200000000000005,0.2,0.7,0.34600000000000003,1.3,3.5,4.8,1.5,0.7,0.5,0.6,2.3,3.5
Kent Bazemore\bazemke01,2320044,SF,30.0,68.0,21.0,24.8,2.9,7.9,0.375,1.2,3.6,0.344,1.7,4.3,0.4,0.45299999999999996,1.7,2.2,0.769,0.4,3.9,4.3,1.4,1.1,0.6,1.3,2.9,8.8
Kentavious Caldwell-Pope\caldwke01,12073020,SG,26.0,69.0,26.0,25.5,3.4,7.3,0.467,1.3,3.5,0.385,2.1,3.9,0.541,0.5579999999999999,1.1,1.5,0.775,0.6,1.5,2.1,1.6,0.8,0.2,0.9,1.9,9.3
Kevin Huerter\huertke01,2761920,SG,21.0,56.0,48.0,31.4,4.5,10.9,0.413,2.3,6.0,0.38,2.2,4.9,0.45299999999999996,0.517,0.9,1.1,0.828,0.6,3.4,4.1,3.8,0.9,0.5,1.6,2.5,12.2
Kevin Knox\knoxke01,4588680,SF,20.0,65.0,4.0,17.9,2.2,6.2,0.359,1.0,3.1,0.327,1.2,3.1,0.391,0.44,1.0,1.6,0.653,0.4,2.4,2.8,0.9,0.4,0.4,0.7,1.6,6.4
Kevin Love\loveke01,31300000,PF,31.0,56.0,56.0,31.8,5.8,13.0,0.45,2.6,7.0,0.374,3.2,6.0,0.537,0.55,3.3,3.9,0.8540000000000001,1.0,8.8,9.8,3.2,0.6,0.3,2.5,1.6,17.6
Kevin Porter Jr.\porteke02,2033160,SF,19.0,50.0,3.0,23.2,3.7,8.4,0.442,1.1,3.2,0.335,2.7,5.3,0.506,0.505,1.5,2.0,0.723,0.4,2.8,3.2,2.2,0.9,0.3,1.9,2.7,10.0
Kevon Looney\looneke01,4821429,C,23.0,20.0,4.0,13.1,1.5,4.0,0.36700000000000005,0.1,0.7,0.071,1.4,3.3,0.431,0.373,0.5,0.6,0.75,1.4,1.9,3.3,1.0,0.6,0.3,0.6,1.7,3.4
Khem Birch\birchkh01,3000000,C,27.0,48.0,24.0,19.2,1.5,3.0,0.51,0.0,0.0,0.0,1.5,3.0,0.514,0.51,1.4,2.1,0.653,1.9,2.7,4.6,1.0,0.4,0.5,0.6,1.9,4.4
Khris Middleton\middlkh01,33051724,SF,28.0,62.0,59.0,29.9,7.6,15.3,0.49700000000000005,2.4,5.7,0.415,5.2,9.6,0.546,0.575,3.4,3.7,0.9159999999999999,0.7,5.5,6.2,4.3,0.9,0.1,2.2,2.3,20.9
Khyri Thomas\thomakh01,744684,SG,23.0,8.0,0.0,7.6,0.6,2.1,0.294,0.6,1.8,0.35700000000000004,0.0,0.4,0.0,0.441,0.3,0.5,0.5,0.1,0.0,0.1,0.4,0.4,0.0,0.4,1.1,2.1
Kris Dunn\dunnkr01,4767000,PG,25.0,51.0,32.0,24.9,3.0,6.7,0.444,0.6,2.2,0.259,2.4,4.5,0.535,0.48700000000000004,0.8,1.1,0.741,0.5,3.2,3.6,3.4,2.0,0.3,1.3,3.1,7.3
Kristaps Porziņģis\porzikr01,29467800,C,24.0,57.0,57.0,31.8,7.0,16.4,0.42700000000000005,2.5,7.1,0.35200000000000004,4.5,9.3,0.484,0.503,4.0,5.0,0.799,1.8,7.7,9.5,1.8,0.7,2.0,1.6,3.2,20.4
Ky Bowman\bowmaky01,1445697,PG,22.0,45.0,12.0,22.6,3.0,7.1,0.41700000000000004,0.7,2.4,0.308,2.2,4.8,0.47200000000000003,0.469,0.8,0.9,0.8290000000000001,0.5,2.2,2.7,2.9,1.0,0.2,1.6,2.3,7.4
Kyle Anderson\anderky01,9505100,SF,26.0,67.0,28.0,19.9,2.3,4.9,0.474,0.4,1.3,0.282,2.0,3.7,0.541,0.511,0.8,1.2,0.667,0.9,3.4,4.3,2.4,0.8,0.6,1.0,1.7,5.8
Kyle Kuzma\kuzmaky01,3562178,PF,24.0,61.0,9.0,25.0,4.8,11.0,0.436,1.4,4.5,0.316,3.4,6.5,0.518,0.5,1.9,2.5,0.735,0.9,3.6,4.5,1.3,0.5,0.4,1.5,2.1,12.8
Kyle Lowry\lowryky01,30000000,PG,33.0,58.0,58.0,36.2,5.8,13.8,0.41600000000000004,2.8,8.0,0.35200000000000004,2.9,5.8,0.504,0.518,5.1,5.9,0.857,0.6,4.5,5.0,7.5,1.4,0.4,3.1,3.3,19.4
Kyrie Irving\irvinky01,33329100,PG,27.0,20.0,20.0,32.9,10.0,20.8,0.478,2.8,7.1,0.39399999999999996,7.2,13.7,0.522,0.546,4.7,5.1,0.922,1.1,4.1,5.2,6.4,1.4,0.5,2.6,2.7,27.4
LaMarcus Aldridge\aldrila01,24000000,C,34.0,53.0,53.0,33.1,7.4,15.0,0.493,1.2,3.0,0.389,6.2,12.0,0.519,0.532,3.0,3.6,0.8270000000000001,1.9,5.5,7.4,2.4,0.7,1.6,1.4,2.4,18.9
Landry Shamet\shamela01,2090040,SG,22.0,53.0,30.0,27.4,3.0,7.4,0.40399999999999997,2.1,5.6,0.375,0.9,1.8,0.495,0.546,1.2,1.4,0.855,0.1,1.8,1.9,1.9,0.4,0.2,0.8,2.7,9.3
Langston Galloway\gallola01,2028594,SG,28.0,66.0,6.0,25.8,3.6,8.2,0.435,2.0,5.0,0.39899999999999997,1.6,3.2,0.493,0.557,1.1,1.3,0.8590000000000001,0.5,1.8,2.3,1.5,0.7,0.2,0.6,1.5,10.3
Larry Nance Jr.\nancela02,11709091,PF,27.0,56.0,10.0,26.3,4.1,7.7,0.531,1.0,2.8,0.35200000000000004,3.1,4.9,0.636,0.596,0.9,1.3,0.6759999999999999,1.9,5.4,7.3,2.2,1.0,0.4,1.1,1.6,10.1
Lauri Markkanen\markkla01,6731508,PF,22.0,50.0,50.0,29.8,5.0,11.8,0.425,2.2,6.3,0.344,2.8,5.5,0.518,0.517,2.5,3.1,0.8240000000000001,1.2,5.1,6.3,1.5,0.8,0.5,1.6,1.9,14.7
LeBron James\jamesle01,39219565,PG,35.0,67.0,67.0,34.6,9.6,19.4,0.493,2.2,6.3,0.348,7.4,13.1,0.564,0.55,3.9,5.7,0.693,1.0,6.9,7.8,10.2,1.2,0.5,3.9,1.8,25.3
Lonnie Walker\walkelo01,2892000,SG,21.0,61.0,12.0,16.2,2.5,5.9,0.426,0.7,1.7,0.406,1.8,4.2,0.434,0.483,0.7,1.0,0.721,0.4,1.9,2.3,1.1,0.5,0.2,0.7,1.3,6.4
Lonzo Ball\balllo01,11003782,PG,22.0,63.0,54.0,32.1,4.4,10.9,0.40299999999999997,2.3,6.3,0.375,2.0,4.6,0.442,0.511,0.7,1.2,0.5660000000000001,1.1,5.0,6.1,7.0,1.4,0.6,3.1,2.0,11.8
Lou Williams\willilo02,8000000,PG,33.0,65.0,8.0,28.7,6.0,14.4,0.418,1.7,4.8,0.35200000000000004,4.3,9.6,0.451,0.47700000000000004,4.5,5.2,0.861,0.5,2.6,3.1,5.6,0.7,0.2,2.8,1.2,18.2
Luguentz Dort\dortlu01,1517981,SF,20.0,36.0,28.0,22.8,2.4,6.1,0.39399999999999996,0.8,2.8,0.297,1.6,3.3,0.479,0.46299999999999997,1.2,1.5,0.792,0.7,1.6,2.3,0.8,0.9,0.1,0.6,2.7,6.8
Luka Dončić\doncilu01,8049360,PG,20.0,61.0,61.0,33.6,9.5,20.6,0.46299999999999997,2.8,8.9,0.316,6.7,11.7,0.574,0.531,7.0,9.2,0.758,1.3,8.1,9.4,8.8,1.0,0.2,4.3,2.5,28.8
Luka Šamanić\samanlu01,2824320,PF,20.0,3.0,1.0,16.0,1.7,5.3,0.313,1.0,2.7,0.375,0.7,2.7,0.25,0.406,1.0,1.3,0.75,0.3,3.0,3.3,2.0,0.0,0.7,0.7,2.0,5.3
Luke Kennard\kennalu01,5273826,SG,23.0,28.0,25.0,32.9,5.4,12.2,0.442,2.6,6.5,0.39899999999999997,2.8,5.7,0.491,0.5479999999999999,2.4,2.7,0.893,0.3,3.2,3.5,4.1,0.4,0.2,1.5,2.3,15.8
Luke Kornet\kornelu01,2304878,C,24.0,36.0,14.0,15.5,2.3,5.2,0.439,0.9,3.0,0.287,1.4,2.2,0.6459999999999999,0.521,0.6,0.8,0.7140000000000001,0.6,1.7,2.3,0.9,0.3,0.7,0.4,1.5,6.0
Malcolm Brogdon\brogdma01,20700000,PG,27.0,54.0,54.0,30.9,6.0,13.8,0.43799999999999994,1.4,4.3,0.326,4.6,9.5,0.488,0.489,3.1,3.4,0.892,0.9,4.0,4.9,7.1,0.6,0.2,2.4,1.8,16.5
Malik Beasley\beaslma01,13325895,SG,23.0,55.0,14.0,22.0,4.1,9.7,0.425,1.9,5.0,0.38799999999999996,2.2,4.7,0.465,0.525,1.0,1.2,0.818,0.3,2.4,2.7,1.4,0.7,0.1,1.0,1.4,11.2
Malik Monk\monkma01,5345687,SG,21.0,55.0,1.0,21.3,3.9,8.9,0.434,1.1,3.7,0.284,2.8,5.2,0.542,0.494,1.5,1.8,0.82,0.5,2.4,2.9,2.1,0.5,0.3,1.4,1.3,10.3
Marc Gasol\gasolma01,2564753,C,35.0,44.0,43.0,26.4,2.7,6.3,0.42700000000000005,1.3,3.4,0.385,1.4,3.0,0.473,0.529,0.8,1.1,0.735,0.7,5.5,6.3,3.3,0.8,0.9,1.3,2.8,7.5
Marcus Morris\morrima03,14883721,SF-PF,30.0,62.0,62.0,31.2,5.7,13.1,0.43799999999999994,2.3,5.6,0.408,3.4,7.5,0.461,0.526,2.9,3.5,0.823,1.0,4.1,5.0,1.4,0.8,0.5,1.6,2.9,16.7
Marcus Smart\smartma01,13446428,SG,25.0,60.0,40.0,32.0,4.3,11.4,0.375,2.3,6.6,0.34700000000000003,2.0,4.8,0.415,0.47600000000000003,2.1,2.5,0.836,0.7,3.1,3.8,4.9,1.7,0.5,1.7,2.7,12.9
Mario Hezonja\hezonma01,1882867,PF,24.0,53.0,4.0,16.4,1.7,4.1,0.42200000000000004,0.5,1.5,0.308,1.3,2.6,0.486,0.47700000000000004,0.9,1.1,0.8140000000000001,0.6,2.9,3.5,0.9,0.7,0.2,0.8,2.0,4.8
Markelle Fultz\fultzma01,12288697,PG,21.0,72.0,60.0,27.7,5.0,10.7,0.465,0.5,1.9,0.267,4.5,8.8,0.507,0.488,1.6,2.2,0.73,0.6,2.7,3.3,5.1,1.3,0.2,2.0,2.0,12.1
Markieff Morris\morrima02,2331593,PF,30.0,58.0,17.0,20.5,3.5,7.9,0.44299999999999995,1.5,3.9,0.386,2.0,4.0,0.5,0.539,1.1,1.5,0.7759999999999999,0.7,3.1,3.8,1.3,0.5,0.3,1.3,2.3,9.7
Marko Guduric\gudurma01,2750000,SG,24.0,44.0,0.0,11.0,1.4,3.6,0.395,0.6,1.9,0.301,0.8,1.7,0.5,0.475,0.5,0.6,0.9229999999999999,0.3,1.3,1.7,1.0,0.3,0.2,0.8,0.8,3.9
Marquese Chriss\chrisma01,1824003,PF,22.0,59.0,21.0,20.3,3.6,6.5,0.545,0.1,0.7,0.205,3.4,5.9,0.584,0.556,2.0,2.6,0.769,1.9,4.3,6.2,1.9,0.7,1.1,1.3,2.1,9.3
Marvin Bagley III\baglema01,8963640,C,20.0,13.0,6.0,25.7,6.0,12.8,0.467,0.3,1.7,0.182,5.7,11.2,0.51,0.479,1.9,2.4,0.8059999999999999,2.2,5.2,7.5,0.8,0.5,0.9,1.4,3.3,14.2
Mason Plumlee\plumlma01,8000000,C,29.0,61.0,1.0,17.3,2.9,4.7,0.615,0.0,0.1,0.0,2.9,4.6,0.625,0.615,1.4,2.5,0.535,1.6,3.6,5.2,2.5,0.5,0.6,1.3,2.3,7.2
Matisse Thybulle\thybuma01,2711280,SG,22.0,65.0,14.0,19.8,1.7,4.1,0.423,0.9,2.4,0.35700000000000004,0.9,1.7,0.519,0.528,0.4,0.6,0.61,0.7,1.0,1.6,1.2,1.4,0.7,0.8,2.2,4.7
Matt Thomas\thomama02,1517981,SG,25.0,41.0,1.0,10.7,1.8,3.7,0.48700000000000004,1.1,2.4,0.475,0.6,1.2,0.51,0.643,0.2,0.3,0.75,0.2,1.3,1.5,0.5,0.2,0.0,0.4,0.9,4.9
Matthew Dellavedova\dellama01,2174318,PG,29.0,57.0,4.0,14.4,1.1,3.1,0.354,0.4,1.6,0.231,0.7,1.5,0.488,0.414,0.6,0.6,0.865,0.3,1.0,1.3,3.2,0.4,0.0,1.0,1.4,3.1
Maurice Harkless\harklma01,3623000,PF-SF,26.0,62.0,48.0,23.0,2.3,4.6,0.502,0.5,1.6,0.34700000000000003,1.7,3.0,0.584,0.562,0.6,1.1,0.591,0.9,3.0,3.9,1.1,0.9,0.5,0.9,2.4,5.8
Maxi Kleber\klebima01,8250000,PF,28.0,74.0,21.0,25.5,3.2,6.9,0.461,1.6,4.3,0.373,1.6,2.6,0.605,0.5770000000000001,1.1,1.3,0.8490000000000001,1.5,3.7,5.2,1.2,0.3,1.1,0.8,2.4,9.1
Melvin Frazier\frazime01,1663861,SG,23.0,19.0,0.0,6.6,0.8,1.8,0.441,0.4,0.8,0.5,0.4,0.9,0.389,0.5589999999999999,0.1,0.2,0.5,0.1,0.4,0.5,0.2,0.5,0.1,0.3,0.6,2.1
Meyers Leonard\leoname01,9756098,C,27.0,51.0,49.0,20.3,2.3,4.6,0.509,1.0,2.5,0.414,1.3,2.1,0.623,0.622,0.4,0.5,0.643,0.6,4.5,5.1,1.1,0.3,0.3,0.8,2.1,6.1
Mfiondu Kabengele\kabenmf01,2075880,C,22.0,12.0,0.0,5.3,1.2,2.7,0.43799999999999994,0.8,1.7,0.45,0.4,1.0,0.41700000000000004,0.578,0.4,0.4,1.0,0.1,0.8,0.9,0.2,0.2,0.2,0.2,0.8,3.5
Michael Carter-Williams\cartemi01,3000000,SG,28.0,45.0,0.0,18.5,2.5,5.8,0.42700000000000005,0.5,1.7,0.293,2.0,4.1,0.48100000000000004,0.469,1.8,2.1,0.8320000000000001,1.0,2.2,3.3,2.4,1.1,0.5,1.2,1.9,7.2
Michael Porter Jr.\portemi01,3550800,SF,21.0,55.0,8.0,16.4,3.5,7.0,0.509,1.1,2.7,0.42200000000000004,2.4,4.3,0.564,0.59,1.1,1.3,0.833,1.2,3.5,4.7,0.8,0.5,0.5,0.9,1.8,9.3
Mikal Bridges\bridgmi01,4359000,SF,23.0,73.0,32.0,28.0,3.4,6.6,0.51,1.0,2.7,0.361,2.4,4.0,0.61,0.583,1.4,1.7,0.8440000000000001,0.9,3.1,4.0,1.8,1.4,0.6,1.0,2.2,9.1
Mike Conley\conlemi01,34504132,PG,32.0,47.0,41.0,29.0,4.9,12.1,0.409,2.0,5.4,0.375,2.9,6.6,0.43700000000000006,0.494,2.4,3.0,0.8270000000000001,0.7,2.5,3.2,4.4,0.8,0.1,2.0,2.2,14.4
Mike Muscala\muscami01,2283034,C,28.0,47.0,2.0,12.2,1.6,4.0,0.40700000000000003,1.1,3.0,0.37799999999999995,0.5,1.0,0.5,0.55,0.4,0.5,0.818,0.3,2.0,2.3,0.9,0.2,0.3,0.4,1.2,4.8
Mike Scott\scottmi01,5005350,PF,31.0,68.0,11.0,17.8,2.2,5.1,0.426,1.2,3.2,0.369,1.0,2.0,0.519,0.54,0.4,0.5,0.8109999999999999,1.0,2.7,3.6,0.8,0.3,0.1,0.4,1.4,6.0
Miles Bridges\bridgmi02,3934320,SF,21.0,65.0,64.0,30.7,4.9,11.6,0.424,1.5,4.6,0.33,3.4,7.0,0.486,0.489,1.6,2.0,0.809,1.4,4.2,5.6,1.8,0.6,0.7,1.5,2.0,13.0
Mitchell Robinson\robinmi01,1663861,C,21.0,61.0,7.0,23.1,4.1,5.6,0.742,0.0,0.0,0.0,4.1,5.6,0.742,0.742,1.4,2.4,0.568,3.0,4.0,7.0,0.6,0.9,2.0,0.6,3.2,9.7
Miye Oni\onimi01,1517981,SF,22.0,10.0,1.0,10.9,1.2,3.2,0.375,0.7,1.9,0.368,0.5,1.3,0.385,0.484,0.4,0.5,0.8,0.5,1.2,1.7,0.4,0.4,0.2,0.4,0.9,3.5
Mo Bamba\bambamo01,5969040,C,21.0,62.0,0.0,14.2,2.1,4.6,0.462,0.6,1.7,0.34600000000000003,1.5,2.9,0.531,0.526,0.5,0.7,0.674,1.6,3.3,4.9,0.7,0.4,1.4,0.7,1.9,5.4
Monte Morris\morrimo01,1663861,PG,24.0,73.0,12.0,22.4,3.6,7.8,0.45899999999999996,0.9,2.4,0.37799999999999995,2.7,5.4,0.495,0.517,1.0,1.2,0.843,0.3,1.5,1.9,3.5,0.8,0.2,0.7,1.0,9.0
Montrezl Harrell\harremo01,9258000,C,26.0,63.0,2.0,27.8,7.5,12.9,0.58,0.0,0.3,0.0,7.5,12.6,0.593,0.58,3.7,5.6,0.6579999999999999,2.6,4.5,7.1,1.7,0.6,1.1,1.7,2.3,18.6
Moritz Wagner\wagnemo01,2161920,C,22.0,45.0,5.0,18.6,3.2,5.9,0.545,0.6,1.8,0.313,2.7,4.1,0.645,0.5920000000000001,1.7,2.1,0.821,1.2,3.6,4.9,1.2,0.6,0.4,1.5,3.4,8.7
Mychal Mulder\muldemy01,1517981,SF,25.0,7.0,3.0,29.1,3.7,9.6,0.38799999999999996,2.3,7.4,0.308,1.4,2.1,0.667,0.507,1.3,1.7,0.75,0.4,2.9,3.3,1.1,0.3,0.1,0.7,2.9,11.0
Myles Turner\turnemy01,18000000,C,23.0,62.0,62.0,29.5,4.3,9.5,0.457,1.4,4.0,0.344,2.9,5.4,0.54,0.53,2.0,2.7,0.7509999999999999,1.4,5.2,6.6,1.2,0.7,2.1,1.4,2.7,12.1
Nassir Little\littlna01,2210640,PF,19.0,48.0,5.0,11.9,1.4,3.1,0.43,0.3,1.2,0.237,1.1,1.9,0.5539999999999999,0.47700000000000004,0.6,0.9,0.636,0.6,1.6,2.3,0.5,0.3,0.3,0.3,1.5,3.6
Naz Reid\reidna01,1517981,C,20.0,30.0,11.0,16.5,3.3,8.1,0.41200000000000003,1.1,3.2,0.33,2.3,4.9,0.466,0.47700000000000004,1.2,1.8,0.698,1.1,3.0,4.1,1.2,0.6,0.7,0.7,2.8,9.0
Nemanja Bjelica\bjeline01,7150000,PF,31.0,72.0,67.0,27.9,4.4,9.1,0.48100000000000004,1.9,4.4,0.419,2.5,4.6,0.541,0.583,1.0,1.2,0.821,1.5,4.8,6.4,2.8,0.9,0.6,1.4,3.0,11.5
Nerlens Noel\noelne01,5000000,C,25.0,61.0,7.0,18.5,3.0,4.4,0.684,0.0,0.0,0.33299999999999996,3.0,4.4,0.688,0.6859999999999999,1.3,1.7,0.755,1.5,3.4,4.9,0.9,1.0,1.5,1.1,2.7,7.4
Nickeil Alexander-Walker\alexani01,3113160,SG,21.0,47.0,1.0,12.6,2.1,5.7,0.368,1.0,2.8,0.34600000000000003,1.1,2.8,0.391,0.455,0.5,0.8,0.6759999999999999,0.2,1.6,1.8,1.9,0.4,0.2,1.1,1.2,5.7
Nicolas Batum\batumni01,27130434,SF,31.0,22.0,3.0,23.0,1.3,3.7,0.34600000000000003,0.6,2.2,0.28600000000000003,0.6,1.5,0.43799999999999994,0.43200000000000005,0.4,0.5,0.9,1.1,3.4,4.5,3.0,0.8,0.4,1.0,1.9,3.6
Nicolas Batum\batumni01,2564753,SF,31.0,22.0,3.0,23.0,1.3,3.7,0.34600000000000003,0.6,2.2,0.28600000000000003,0.6,1.5,0.43799999999999994,0.43200000000000005,0.4,0.5,0.9,1.1,3.4,4.5,3.0,0.8,0.4,1.0,1.9,3.6
Nicolas Claxton\claxtni01,1517981,C,20.0,15.0,0.0,12.5,1.8,3.2,0.563,0.1,0.5,0.14300000000000002,1.7,2.7,0.634,0.573,0.7,1.4,0.524,1.3,1.7,2.9,1.1,0.1,0.5,0.6,0.9,4.4
Nicolò Melli\mellini01,4097561,C,29.0,60.0,8.0,17.4,2.3,5.4,0.42100000000000004,1.2,3.4,0.335,1.1,2.0,0.573,0.528,0.9,1.2,0.74,0.6,2.4,3.0,1.4,0.6,0.4,0.8,2.1,6.6
Nigel Williams-Goss\willini01,1517981,PG,25.0,10.0,0.0,5.0,0.5,1.6,0.313,0.2,0.7,0.28600000000000003,0.3,0.9,0.33299999999999996,0.375,0.2,0.2,1.0,0.2,0.4,0.6,0.6,0.3,0.1,0.3,0.6,1.4
Nikola Jokić\jokicni01,28542009,C,24.0,73.0,73.0,32.0,7.7,14.7,0.528,1.1,3.5,0.314,6.6,11.2,0.594,0.565,3.4,4.1,0.8170000000000001,2.3,7.5,9.7,7.0,1.2,0.6,3.1,3.0,19.9
Nikola Vučević\vucevni01,26000000,C,29.0,62.0,62.0,32.2,8.0,16.7,0.47700000000000004,1.6,4.7,0.33899999999999997,6.4,12.0,0.531,0.525,2.1,2.7,0.784,2.3,8.6,10.9,3.6,0.9,0.8,1.4,2.2,19.6
Noah Vonleh\vonleno01,2028594,C,24.0,36.0,1.0,10.5,1.4,2.6,0.565,0.1,0.4,0.2,1.4,2.1,0.636,0.5820000000000001,0.7,0.9,0.7809999999999999,1.0,2.4,3.4,0.8,0.3,0.2,0.6,1.1,3.7
Norman Powell\powelno01,10865952,SG,26.0,52.0,26.0,28.4,5.7,11.5,0.495,2.1,5.3,0.39899999999999997,3.6,6.3,0.575,0.586,2.5,2.9,0.843,0.5,3.2,3.7,1.8,1.2,0.4,1.5,2.1,16.0
OG Anunoby\anunoog01,3872215,SF,22.0,69.0,68.0,29.9,4.1,8.2,0.505,1.3,3.3,0.39,2.9,4.9,0.583,0.584,1.0,1.5,0.706,1.2,4.1,5.3,1.6,1.4,0.7,1.1,2.4,10.6
Omari Spellman\spellom01,1988280,C,22.0,49.0,3.0,18.1,2.6,6.0,0.431,0.9,2.2,0.391,1.7,3.8,0.45399999999999996,0.503,1.5,1.9,0.7929999999999999,1.6,2.9,4.5,1.0,0.7,0.5,1.1,1.3,7.6
Otto Porter\porteot01,28489239,SF,26.0,14.0,9.0,23.6,4.4,10.0,0.44299999999999995,1.7,4.4,0.387,2.7,5.6,0.48700000000000004,0.529,1.4,1.9,0.7040000000000001,0.9,2.5,3.4,1.8,1.1,0.4,0.8,2.2,11.9
P.J. Tucker\tuckepj01,7969537,PF,34.0,72.0,72.0,34.3,2.5,5.9,0.415,1.5,4.2,0.358,1.0,1.8,0.551,0.541,0.5,0.7,0.813,1.6,5.1,6.6,1.6,1.1,0.5,1.0,3.2,6.9
P.J. Washington\washipj01,4023600,PF,21.0,58.0,57.0,30.3,4.6,10.2,0.455,1.5,4.0,0.374,3.1,6.2,0.507,0.528,1.5,2.3,0.647,1.0,4.4,5.4,2.1,0.9,0.8,1.6,2.7,12.2
Pascal Siakam\siakapa01,29000000,PF,25.0,60.0,60.0,35.2,8.3,18.4,0.45299999999999996,2.2,6.1,0.359,6.2,12.3,0.499,0.512,4.0,5.1,0.792,1.1,6.3,7.3,3.5,1.0,0.9,2.5,2.8,22.9
Pat Connaughton\connapa01,4938272,SG,27.0,67.0,4.0,18.6,2.0,4.5,0.455,0.8,2.5,0.331,1.2,2.0,0.607,0.547,0.5,0.6,0.775,0.9,3.3,4.2,1.6,0.4,0.5,0.8,1.0,5.4
Patrick Beverley\beverpa01,13333333,PG,31.0,51.0,50.0,26.3,2.9,6.7,0.431,1.6,4.0,0.38799999999999996,1.3,2.6,0.496,0.5479999999999999,0.6,0.9,0.66,1.1,4.1,5.2,3.6,1.1,0.5,1.3,3.1,7.9
Patrick McCaw\mccawpa01,4000000,SF,24.0,37.0,12.0,24.5,1.8,4.4,0.414,0.6,1.9,0.324,1.2,2.5,0.484,0.485,0.4,0.5,0.722,0.5,1.8,2.3,2.1,1.1,0.1,0.8,1.6,4.6
Patrick Patterson\pattepa01,3077701,PF,30.0,59.0,18.0,13.2,1.6,3.9,0.408,1.1,2.9,0.39,0.5,1.0,0.45899999999999996,0.552,0.6,0.7,0.8140000000000001,0.6,2.0,2.6,0.7,0.1,0.1,0.4,0.9,4.9
Patrick Patterson\pattepa01,737067,PF,30.0,59.0,18.0,13.2,1.6,3.9,0.408,1.1,2.9,0.39,0.5,1.0,0.45899999999999996,0.552,0.6,0.7,0.8140000000000001,0.6,2.0,2.6,0.7,0.1,0.1,0.4,0.9,4.9
Patty Mills\millspa02,13285714,PG,31.0,66.0,1.0,22.5,3.9,9.1,0.431,2.3,6.1,0.382,1.6,3.0,0.5329999999999999,0.56,1.5,1.7,0.866,0.3,1.3,1.6,1.8,0.8,0.1,0.8,1.6,11.6
Paul George\georgpa01,35450412,SG,29.0,48.0,48.0,29.6,7.1,16.3,0.439,3.3,7.9,0.41200000000000003,3.9,8.4,0.46399999999999997,0.539,4.0,4.5,0.8759999999999999,0.5,5.2,5.7,3.9,1.4,0.4,2.6,2.4,21.5
Quinn Cook\cookqu01,1000000,PG,26.0,44.0,1.0,11.5,2.1,4.9,0.425,0.7,1.9,0.365,1.4,2.9,0.465,0.498,0.3,0.3,0.7859999999999999,0.3,0.9,1.2,1.1,0.3,0.0,0.8,0.6,5.1
RJ Barrett\barrerj01,8231760,SG,19.0,56.0,55.0,30.4,5.2,13.0,0.402,1.1,3.5,0.32,4.1,9.5,0.43200000000000005,0.445,2.8,4.5,0.614,0.9,4.1,5.0,2.6,1.0,0.3,2.2,2.2,14.3
Rajon Rondo\rondora01,7500000,PG,33.0,48.0,3.0,20.5,2.9,6.8,0.418,0.9,2.6,0.32799999999999996,2.0,4.2,0.473,0.48,0.6,0.9,0.659,0.5,2.5,3.0,5.0,0.8,0.0,1.9,1.2,7.1
Rajon Rondo\rondora01,2619605,PG,33.0,48.0,3.0,20.5,2.9,6.8,0.418,0.9,2.6,0.32799999999999996,2.0,4.2,0.473,0.48,0.6,0.9,0.659,0.5,2.5,3.0,5.0,0.8,0.0,1.9,1.2,7.1
Raul Neto\netora01,1882867,PG,27.0,54.0,3.0,12.4,1.9,4.1,0.455,0.6,1.6,0.386,1.2,2.5,0.5,0.532,0.7,0.9,0.83,0.2,0.9,1.1,1.8,0.4,0.1,0.9,0.9,5.1
Rayjon Tucker\tuckera01,340000,SG,22.0,20.0,0.0,8.1,1.0,2.2,0.465,0.2,0.9,0.17600000000000002,0.9,1.3,0.654,0.5,1.0,1.2,0.826,0.2,0.9,1.0,0.3,0.1,0.1,0.4,0.5,3.1
Reggie Bullock\bullore01,4200000,SG,28.0,29.0,19.0,23.6,3.1,7.7,0.402,1.3,3.8,0.33299999999999996,1.8,3.9,0.469,0.484,0.6,0.7,0.81,0.4,1.9,2.3,1.4,0.9,0.1,0.7,1.9,8.1
Reggie Jackson\jacksre01,2331593,SG-PG,29.0,31.0,16.0,24.0,4.3,10.5,0.41100000000000003,1.8,4.7,0.39299999999999996,2.5,5.8,0.425,0.498,1.5,1.7,0.833,0.5,2.4,3.0,4.1,0.4,0.2,1.6,1.9,11.9
Richaun Holmes\holmeri01,5005350,C,26.0,44.0,38.0,28.2,5.1,7.8,0.648,0.0,0.0,0.0,5.1,7.8,0.648,0.648,2.1,2.7,0.7879999999999999,2.9,5.3,8.1,1.0,0.9,1.3,1.2,3.8,12.3
Ricky Rubio\rubiori01,17000000,PG,29.0,65.0,65.0,31.0,4.4,10.6,0.415,1.2,3.3,0.361,3.2,7.3,0.439,0.47100000000000003,3.0,3.5,0.863,0.7,4.0,4.7,8.8,1.4,0.2,2.7,2.6,13.0
Robert Covington\covinro01,12138345,PF-C,29.0,70.0,68.0,30.5,4.4,10.3,0.42200000000000004,2.3,6.9,0.335,2.1,3.5,0.593,0.5329999999999999,1.4,1.8,0.7979999999999999,0.9,5.7,6.6,1.3,1.6,1.3,1.5,3.1,12.4
Robert Williams\williro04,2029920,C,22.0,29.0,1.0,13.4,2.2,3.0,0.727,0.0,0.0,0.0,2.2,3.0,0.727,0.727,0.8,1.2,0.647,1.4,3.0,4.4,0.9,0.8,1.2,0.7,1.8,5.2
Robin Lopez\lopezro01,7300000,C,31.0,66.0,5.0,14.5,2.2,4.5,0.49200000000000005,0.5,1.6,0.33299999999999996,1.7,2.9,0.5770000000000001,0.55,0.4,0.8,0.528,0.8,1.6,2.4,0.7,0.2,0.7,1.0,1.5,5.4
Rodions Kurucs\kurucro01,1780152,PF,21.0,47.0,9.0,14.6,1.7,3.8,0.446,0.7,1.9,0.36700000000000005,1.0,1.9,0.529,0.54,0.5,0.8,0.632,0.5,2.4,2.9,1.1,0.5,0.1,1.0,1.9,4.6
Rodney Hood\hoodro01,10047450,SF,27.0,21.0,21.0,29.5,4.1,8.2,0.506,1.7,3.4,0.493,2.5,4.8,0.515,0.608,1.0,1.3,0.778,0.5,3.0,3.4,1.5,0.8,0.2,0.9,2.2,11.0
Rodney McGruder\mcgruro01,5000000,SG,28.0,56.0,4.0,15.6,1.3,3.2,0.39799999999999996,0.4,1.6,0.27,0.9,1.6,0.522,0.46399999999999997,0.3,0.6,0.5589999999999999,0.5,2.2,2.7,0.6,0.5,0.1,0.4,1.3,3.3
Romeo Langford\langfro01,3631200,SG,20.0,32.0,2.0,11.6,0.9,2.5,0.35,0.2,0.8,0.185,0.7,1.7,0.434,0.381,0.6,0.8,0.72,0.5,0.8,1.3,0.4,0.3,0.3,0.3,1.0,2.5
Royce O'Neale\onealro01,8035714,SF,26.0,71.0,62.0,28.9,2.2,5.1,0.433,1.3,3.4,0.377,0.9,1.7,0.545,0.5589999999999999,0.6,0.8,0.764,0.4,5.1,5.5,2.5,0.8,0.5,0.9,2.8,6.3
Rudy Gay\gayru01,14000000,PF,33.0,67.0,5.0,21.8,4.0,8.9,0.446,1.1,3.3,0.336,2.9,5.6,0.511,0.508,1.8,2.0,0.882,0.9,4.5,5.4,1.7,0.5,0.5,1.3,1.5,10.8
Rudy Gobert\goberru01,26525281,C,27.0,68.0,68.0,34.3,5.7,8.2,0.693,0.0,0.0,0.0,5.7,8.2,0.693,0.693,3.7,5.9,0.63,3.4,10.1,13.5,1.5,0.8,2.0,1.9,3.2,15.1
Rui Hachimura\hachiru01,4692840,PF,21.0,48.0,48.0,30.1,5.3,11.4,0.466,0.5,1.8,0.287,4.8,9.5,0.5,0.489,2.4,2.9,0.8290000000000001,1.6,4.5,6.1,1.8,0.8,0.2,1.1,2.2,13.5
Russell Westbrook\westbru01,41358814,PG,31.0,57.0,57.0,35.9,10.6,22.5,0.47200000000000003,1.0,3.7,0.258,9.6,18.7,0.514,0.493,5.1,6.7,0.763,1.8,6.2,7.9,7.0,1.6,0.4,4.5,3.5,27.2
Ryan Anderson\anderry01,5214583,C,31.0,2.0,0.0,7.0,1.0,3.5,0.28600000000000003,0.5,2.5,0.2,0.5,1.0,0.5,0.35700000000000004,0.0,0.0,0.0,0.0,3.5,3.5,1.0,0.5,0.0,0.5,0.5,2.5
Ryan Arcidiacono\arcidry01,3000000,PG,25.0,58.0,4.0,16.0,1.6,3.8,0.409,0.9,2.4,0.391,0.6,1.4,0.439,0.532,0.5,0.7,0.711,0.3,1.6,1.9,1.7,0.5,0.1,0.6,1.7,4.5
Ryan Broekhoff\broekry01,1445697,SF,29.0,17.0,1.0,10.6,1.3,3.5,0.373,1.2,3.0,0.392,0.1,0.5,0.25,0.542,0.4,0.5,0.875,0.3,2.2,2.5,0.6,0.3,0.2,0.4,0.9,4.2
Sekou Doumbouya\doumbse01,3449400,PF,19.0,38.0,19.0,19.8,2.4,6.2,0.39,0.7,2.6,0.28600000000000003,1.7,3.6,0.46399999999999997,0.449,0.8,1.2,0.674,0.5,2.6,3.1,0.5,0.5,0.2,0.9,2.1,6.4
Semi Ojeleye\ojelese01,1752950,PF,25.0,69.0,6.0,14.7,1.2,2.8,0.408,0.7,1.8,0.37799999999999995,0.5,1.0,0.46399999999999997,0.531,0.4,0.5,0.875,0.4,1.7,2.1,0.5,0.3,0.1,0.3,1.2,3.4
Serge Ibaka\ibakase01,9258000,C,30.0,55.0,27.0,27.0,6.2,12.2,0.512,1.3,3.3,0.385,5.0,8.9,0.5589999999999999,0.564,1.6,2.3,0.718,2.1,6.1,8.2,1.4,0.5,0.8,2.0,2.8,15.4
Seth Curry\curryse01,7813953,SG,29.0,64.0,25.0,24.6,4.4,9.0,0.495,2.3,5.0,0.452,2.2,4.0,0.5489999999999999,0.621,1.3,1.5,0.825,0.4,1.8,2.3,1.9,0.6,0.1,1.0,1.8,12.4
Shai Gilgeous-Alexander\gilgesh01,4141320,SG,21.0,70.0,70.0,34.7,6.8,14.5,0.47100000000000003,1.2,3.6,0.34700000000000003,5.6,10.9,0.512,0.514,4.1,5.1,0.807,0.7,5.2,5.9,3.3,1.1,0.7,1.9,1.7,19.0
Shake Milton\miltosh01,1701593,SG,23.0,40.0,24.0,20.1,3.4,6.9,0.484,1.5,3.4,0.43,1.9,3.6,0.535,0.588,1.3,1.6,0.785,0.4,1.8,2.2,2.6,0.5,0.2,1.2,2.3,9.4
Sindarius Thornwell\thornsi01,1678854,SF,25.0,2.0,0.0,17.5,3.0,5.5,0.545,1.0,2.0,0.5,2.0,3.5,0.5710000000000001,0.636,1.0,2.0,0.5,0.0,2.0,2.0,2.0,0.5,0.5,1.0,1.0,8.0
Solomon Hill\hillso01,2174318,PF,28.0,59.0,4.0,18.4,1.9,4.7,0.396,1.1,2.9,0.368,0.8,1.8,0.439,0.509,0.7,0.9,0.741,0.5,2.3,2.8,1.8,0.7,0.2,0.9,1.4,5.5
Spencer Dinwiddie\dinwisp01,11454048,PG,26.0,64.0,49.0,31.2,6.6,16.0,0.415,1.9,6.3,0.308,4.7,9.7,0.485,0.47600000000000003,5.4,7.0,0.778,0.5,3.0,3.5,6.8,0.6,0.3,2.7,2.8,20.6
Stanley Johnson\johnsst04,3801000,PF,23.0,25.0,0.0,6.0,0.9,2.4,0.373,0.3,1.0,0.292,0.6,1.4,0.429,0.43200000000000005,0.4,0.6,0.563,0.3,1.2,1.5,0.8,0.2,0.2,0.6,0.6,2.4
Stephen Curry\curryst01,43006362,PG,31.0,5.0,5.0,27.8,6.6,16.4,0.402,2.4,9.8,0.245,4.2,6.6,0.636,0.47600000000000003,5.2,5.2,1.0,0.8,4.4,5.2,6.6,1.0,0.4,3.2,2.2,20.8
Sterling Brown\brownst02,1678854,SF,24.0,52.0,1.0,14.8,1.8,4.9,0.371,0.8,2.6,0.324,1.0,2.3,0.425,0.457,0.6,0.8,0.8,0.6,2.9,3.5,1.0,0.6,0.1,0.8,1.0,5.1
Steven Adams\adamsst01,27528090,C,26.0,63.0,63.0,26.7,4.5,7.6,0.5920000000000001,0.0,0.0,0.33299999999999996,4.5,7.5,0.594,0.593,1.9,3.2,0.5820000000000001,3.3,6.0,9.3,2.3,0.8,1.1,1.5,1.9,10.9
Sviatoslav Mykhailiuk\mykhasv01,1663861,SF,22.0,56.0,27.0,22.6,3.0,7.2,0.41,2.1,5.1,0.40399999999999997,0.9,2.1,0.425,0.552,1.0,1.3,0.8140000000000001,0.3,1.6,1.9,1.9,0.7,0.1,1.1,1.6,9.0
T.J. Leaf\leaftj01,4326825,PF,22.0,28.0,1.0,7.9,1.3,3.1,0.419,0.2,0.6,0.278,1.1,2.4,0.456,0.44799999999999995,0.3,0.6,0.43799999999999994,0.8,1.7,2.5,0.3,0.4,0.1,0.3,0.8,3.0
T.J. McConnell\mccontj01,3500000,PG,27.0,71.0,3.0,18.7,3.0,5.8,0.516,0.1,0.2,0.294,2.9,5.5,0.525,0.522,0.5,0.6,0.833,0.5,2.1,2.7,5.0,0.8,0.2,1.4,1.0,6.5
T.J. Warren\warretj01,11750000,SF,26.0,67.0,67.0,32.9,8.0,14.9,0.536,1.4,3.4,0.40299999999999997,6.6,11.5,0.575,0.581,2.5,3.0,0.8190000000000001,1.0,3.2,4.2,1.5,1.2,0.5,1.3,2.8,19.8
Talen Horton-Tucker\hortota01,1517981,SG,19.0,6.0,1.0,13.5,2.3,5.0,0.467,0.7,2.2,0.308,1.7,2.8,0.588,0.5329999999999999,0.3,0.7,0.5,0.3,0.8,1.2,1.0,1.3,0.2,1.0,1.7,5.7
Taurean Prince\princta02,13942308,PF,25.0,64.0,61.0,29.0,4.3,11.5,0.376,2.3,6.7,0.33899999999999997,2.1,4.8,0.429,0.475,1.1,1.4,0.7979999999999999,0.8,5.2,6.0,1.8,0.9,0.4,2.0,2.5,12.1
Terance Mann\mannte01,1517984,SF,23.0,41.0,6.0,8.8,0.9,1.9,0.46799999999999997,0.2,0.5,0.35,0.7,1.4,0.508,0.513,0.4,0.7,0.667,0.2,1.1,1.3,1.3,0.3,0.1,0.4,1.1,2.4
Terence Davis\daviste02,1517981,SG,22.0,72.0,4.0,16.8,2.8,6.1,0.456,1.3,3.4,0.38799999999999996,1.5,2.7,0.541,0.564,0.7,0.8,0.8640000000000001,0.7,2.6,3.3,1.6,0.5,0.2,1.1,1.7,7.5
Terrance Ferguson\fergute01,3944013,SF,21.0,56.0,38.0,22.4,1.4,3.9,0.355,0.9,3.0,0.292,0.5,0.9,0.5579999999999999,0.466,0.3,0.4,0.75,0.4,0.9,1.3,0.9,0.5,0.3,0.6,2.8,3.9
Terrence Ross\rosste01,13500000,SG,28.0,69.0,0.0,27.4,4.9,12.3,0.40299999999999997,2.6,7.3,0.35100000000000003,2.4,5.0,0.48,0.508,2.3,2.7,0.853,0.2,3.0,3.2,1.2,1.1,0.3,1.0,1.6,14.7
Terry Rozier\roziete01,18900000,PG,25.0,63.0,63.0,34.3,6.3,14.9,0.423,2.7,6.7,0.40700000000000003,3.6,8.2,0.436,0.514,2.6,3.0,0.8740000000000001,0.8,3.6,4.4,4.1,1.0,0.2,2.2,2.0,18.0
Thaddeus Young\youngth01,13545000,PF,31.0,64.0,16.0,24.9,4.2,9.4,0.44799999999999995,1.2,3.5,0.35600000000000004,3.0,5.9,0.501,0.513,0.7,1.1,0.583,1.5,3.5,4.9,1.8,1.4,0.4,1.6,2.1,10.3
Thanasis Antetokounmpo\antetth01,1701593,SF,27.0,20.0,2.0,6.5,1.2,2.4,0.5,0.0,0.5,0.0,1.2,1.9,0.632,0.5,0.4,0.9,0.41200000000000003,0.6,0.6,1.2,0.8,0.4,0.1,0.6,0.9,2.8
Thomas Bryant\bryanth01,8333333,C,22.0,46.0,36.0,24.9,5.3,9.1,0.581,0.8,2.0,0.40700000000000003,4.5,7.1,0.63,0.626,1.9,2.5,0.741,2.1,5.1,7.2,1.8,0.5,1.1,1.2,2.2,13.2
Tim Hardaway Jr.\hardati02,18975000,SG,27.0,71.0,58.0,29.5,5.4,12.5,0.434,2.9,7.2,0.39799999999999996,2.5,5.2,0.485,0.55,2.1,2.6,0.8190000000000001,0.4,2.9,3.3,1.9,0.6,0.1,1.0,1.8,15.8
Timothé Luwawu-Cabarrot\luwawti01,1824003,SF,24.0,47.0,2.0,18.1,2.5,5.7,0.435,1.3,3.4,0.38799999999999996,1.2,2.3,0.505,0.55,1.5,1.7,0.852,0.6,2.1,2.7,0.6,0.4,0.1,0.8,2.3,7.8
Tobias Harris\harrito02,33517241,PF,27.0,72.0,72.0,34.3,7.7,16.3,0.47100000000000003,1.8,5.0,0.36700000000000005,5.9,11.3,0.517,0.527,2.4,3.0,0.8059999999999999,1.0,5.9,6.9,3.2,0.7,0.6,1.4,2.3,19.6
Tomáš Satoranský\satorto01,10000000,SG,28.0,65.0,64.0,28.9,3.6,8.5,0.43,1.0,3.1,0.322,2.7,5.4,0.491,0.488,1.6,1.9,0.8759999999999999,1.2,2.7,3.9,5.4,1.2,0.1,2.0,2.1,9.9
Tony Bradley\bradlto01,3542060,C,22.0,58.0,3.0,11.4,2.2,3.3,0.667,0.1,0.1,1.0,2.1,3.2,0.6609999999999999,0.675,0.5,0.8,0.652,1.9,2.7,4.6,0.4,0.2,0.6,0.5,2.0,4.9
Tony Snell\snellto01,12178571,SF,28.0,59.0,57.0,27.8,2.9,6.5,0.445,1.7,4.3,0.402,1.2,2.2,0.531,0.579,0.5,0.5,1.0,0.2,1.7,1.9,2.2,0.5,0.3,0.5,1.7,8.0
Torrey Craig\craigto01,1678854,SF,29.0,58.0,27.0,18.5,2.1,4.6,0.461,0.8,2.4,0.326,1.4,2.3,0.603,0.545,0.4,0.6,0.611,1.1,2.2,3.3,0.8,0.4,0.6,0.4,2.3,5.4
Trae Young\youngtr01,6571800,PG,21.0,60.0,60.0,35.3,9.1,20.8,0.43700000000000006,3.4,9.5,0.361,5.7,11.4,0.501,0.519,8.0,9.3,0.86,0.5,3.7,4.3,9.3,1.1,0.1,4.8,1.7,29.6
Trevor Ariza\arizatr01,12800000,SF,34.0,53.0,21.0,28.2,2.7,6.1,0.43799999999999994,1.5,3.9,0.37200000000000005,1.2,2.2,0.556,0.557,1.2,1.4,0.838,0.6,4.0,4.6,1.7,1.3,0.3,1.1,2.1,8.0
Trey Burke\burketr01,3174603,PG,27.0,33.0,1.0,15.8,2.8,6.3,0.45,1.0,2.3,0.42700000000000005,1.9,4.1,0.46299999999999997,0.526,0.7,0.9,0.7929999999999999,0.5,1.0,1.5,2.5,0.5,0.1,0.6,1.0,7.4
Trey Lyles\lylestr01,5500000,PF,24.0,63.0,53.0,20.2,2.4,5.4,0.446,1.0,2.7,0.387,1.4,2.8,0.503,0.541,0.5,0.7,0.733,1.1,4.6,5.7,1.1,0.4,0.4,0.6,1.6,6.4
Tristan Thompson\thomptr01,9258000,PF,28.0,57.0,51.0,30.2,5.1,9.9,0.512,0.2,0.4,0.391,4.9,9.5,0.518,0.52,1.7,2.8,0.615,4.0,6.2,10.1,2.1,0.6,0.9,1.8,2.2,12.0
Troy Brown Jr.\browntr01,3372840,SF,20.0,69.0,22.0,25.8,4.0,9.0,0.439,0.9,2.6,0.341,3.1,6.4,0.479,0.488,1.6,2.0,0.784,1.1,4.4,5.6,2.6,1.2,0.1,1.1,1.9,10.4
Ty Jerome\jeromty01,2303040,SG,22.0,31.0,0.0,10.6,1.2,3.6,0.336,0.5,1.6,0.28,0.8,2.0,0.381,0.39799999999999996,0.4,0.5,0.75,0.2,1.3,1.5,1.4,0.5,0.1,0.6,0.9,3.3
Tyler Herro\herroty01,3822240,SG,20.0,55.0,8.0,27.4,4.9,11.5,0.428,2.1,5.4,0.389,2.8,6.1,0.462,0.52,1.6,1.8,0.87,0.3,3.8,4.1,2.2,0.6,0.2,1.6,1.4,13.5
Tyler Johnson\johnsty01,2028594,PG-SG,27.0,39.0,7.0,18.2,2.5,6.4,0.38799999999999996,1.0,3.1,0.319,1.5,3.4,0.45,0.46399999999999997,1.1,1.3,0.84,0.5,1.5,1.9,1.9,0.4,0.2,0.7,1.5,7.0
Tyler Zeller\zellety01,2436046,C,30.0,2.0,0.0,2.0,0.5,2.0,0.25,0.0,0.0,0.0,0.5,2.0,0.25,0.25,0.0,0.0,0.0,1.5,0.5,2.0,0.0,0.0,0.0,0.0,0.0,1.0
Tyus Jones\jonesty01,7965100,PG,23.0,65.0,6.0,19.0,3.0,6.6,0.45899999999999996,0.7,1.9,0.379,2.3,4.7,0.49200000000000005,0.514,0.7,0.9,0.741,0.1,1.4,1.6,4.4,0.9,0.1,0.8,0.7,7.4
Udonis Haslem\hasleud01,2564753,C,39.0,4.0,1.0,11.0,1.0,2.8,0.364,0.3,0.8,0.33299999999999996,0.8,2.0,0.375,0.409,0.8,1.0,0.75,0.3,3.8,4.0,0.3,0.0,0.0,0.3,1.5,3.0
Victor Oladipo\oladivi01,21000000,SG,27.0,19.0,16.0,27.8,5.1,12.9,0.39399999999999996,1.7,5.5,0.317,3.4,7.5,0.451,0.461,2.5,3.1,0.8140000000000001,0.5,3.5,3.9,2.9,0.9,0.2,2.5,1.9,14.5
Vincent Poirier\poirivi01,2619207,C,26.0,22.0,0.0,5.9,0.8,1.6,0.47200000000000003,0.0,0.1,0.5,0.7,1.5,0.47100000000000003,0.486,0.3,0.3,0.857,0.6,1.4,2.0,0.4,0.1,0.4,0.4,1.1,1.9
Vlatko Čančar\cancavl01,898310,PF,22.0,14.0,0.0,3.2,0.4,1.1,0.4,0.1,0.4,0.16699999999999998,0.4,0.6,0.556,0.433,0.3,0.3,1.0,0.4,0.4,0.7,0.2,0.1,0.1,0.2,0.5,1.2
Wayne Ellington\ellinwa01,2564753,SG,32.0,36.0,1.0,15.5,1.7,4.8,0.35100000000000003,1.4,4.0,0.35,0.3,0.9,0.355,0.494,0.3,0.4,0.846,0.1,1.7,1.8,1.2,0.4,0.1,0.5,1.1,5.1
Wayne Ellington\ellinwa01,440472,SG,32.0,36.0,1.0,15.5,1.7,4.8,0.35100000000000003,1.4,4.0,0.35,0.3,0.9,0.355,0.494,0.3,0.4,0.846,0.1,1.7,1.8,1.2,0.4,0.1,0.5,1.1,5.1
Wendell Carter Jr.\cartewe01,5448840,C,20.0,43.0,43.0,29.2,4.3,8.0,0.534,0.1,0.7,0.207,4.1,7.3,0.564,0.542,2.6,3.5,0.737,3.2,6.2,9.4,1.2,0.8,0.8,1.7,3.8,11.3
Wenyen Gabriel\gabriwe01,1620564,PF,22.0,30.0,1.0,7.8,0.7,1.6,0.43799999999999994,0.2,0.7,0.3,0.5,0.9,0.536,0.5,0.5,0.7,0.682,0.7,1.0,1.7,0.3,0.4,0.2,0.5,1.3,2.1
Wesley Iwundu\iwundwe01,1678854,SF,25.0,52.0,21.0,18.3,1.9,4.5,0.41600000000000004,0.5,1.6,0.341,1.3,2.9,0.457,0.47600000000000003,1.5,1.9,0.804,0.5,2.1,2.5,1.2,0.5,0.3,0.5,1.5,5.8
Wesley Matthews\matthwe02,3623000,SG,33.0,67.0,67.0,24.4,2.5,6.3,0.396,1.6,4.4,0.364,0.9,1.9,0.47200000000000003,0.524,0.8,1.0,0.765,0.3,2.1,2.5,1.4,0.6,0.1,0.6,1.5,7.4
Will Barton\bartowi01,13920000,SF,29.0,58.0,58.0,33.0,5.7,12.7,0.45,1.9,5.0,0.375,3.9,7.8,0.498,0.523,1.8,2.3,0.767,1.3,5.0,6.3,3.7,1.1,0.5,1.5,2.1,15.1
Willie Cauley-Stein\caulewi01,4000000,C,26.0,54.0,39.0,20.3,3.2,5.6,0.579,0.0,0.0,0.0,3.2,5.6,0.581,0.579,0.7,1.2,0.606,1.6,4.3,5.8,1.3,0.9,1.1,0.7,2.2,7.2
Willy Hernangómez\hernawi01,1727145,C,25.0,31.0,0.0,12.1,2.4,4.5,0.532,0.2,0.7,0.22699999999999998,2.2,3.8,0.59,0.55,1.2,1.9,0.627,1.4,2.9,4.3,0.9,0.3,0.2,1.0,1.0,6.1
Zach Collins\colliza01,5406255,PF,22.0,11.0,11.0,26.4,2.9,6.2,0.47100000000000003,0.6,1.7,0.368,2.3,4.5,0.51,0.522,0.5,0.7,0.75,2.3,4.0,6.3,1.5,0.5,0.5,1.3,3.3,7.0
Zach LaVine\lavinza01,19500000,SG,24.0,60.0,60.0,34.8,9.0,20.0,0.45,3.1,8.1,0.38,5.9,11.9,0.49700000000000005,0.526,4.5,5.6,0.802,0.7,4.1,4.8,4.2,1.5,0.5,3.4,2.2,25.5
Zach Norvell\norveza01,1445697,SG,22.0,5.0,0.0,8.2,0.6,2.4,0.25,0.6,1.6,0.375,0.0,0.8,0.0,0.375,0.2,0.2,1.0,0.0,1.2,1.2,0.6,0.4,0.0,0.6,0.8,2.0
Zhaire Smith\smithzh01,3204600,SF,20.0,7.0,0.0,4.6,0.4,1.6,0.273,0.0,0.4,0.0,0.4,1.1,0.375,0.273,0.3,0.6,0.5,0.0,0.3,0.3,0.3,0.4,0.0,0.3,0.6,1.1
Zion Williamson\willizi01,10245480,PF,19.0,24.0,24.0,27.8,8.8,15.0,0.583,0.3,0.6,0.429,8.5,14.4,0.59,0.5920000000000001,4.8,7.4,0.64,2.7,3.6,6.3,2.1,0.7,0.4,2.5,1.8,22.5
Zylan Cheatham\cheatzy01,1445697,PF,24.0,4.0,0.0,12.8,1.5,2.3,0.667,0.0,0.3,0.0,1.5,2.0,0.75,0.667,0.0,0.0,0.0,0.8,1.5,2.3,0.8,0.3,0.3,1.0,2.5,3.0
